{
    "name": "root",
    "metadata": {
        "timer_format_version": "0.1.0",
        "start_time_seconds": "1620075997",
        "python_version": "3.7.10 (default, Feb 26 2021, 13:06:18) [MSC v.1916 64 bit (AMD64)]",
        "command_line_arguments": "D:\\Dev\\anaconda3\\envs\\ml_agentss\\Scripts\\mlagents-learn ./new.yaml --run-id tr_05",
        "mlagents_version": "0.26.0",
        "mlagents_envs_version": "0.26.0",
        "communication_protocol_version": "1.5.0",
        "pytorch_version": "1.8.1",
        "numpy_version": "1.20.1",
        "end_time_seconds": "1620076013"
    },
    "total": 15.6375473,
    "count": 1,
    "self": 0.010479100000001296,
    "children": {
        "run_training.setup": {
            "total": 0.16442659999999987,
            "count": 1,
            "self": 0.16442659999999987
        },
        "TrainerController.start_learning": {
            "total": 15.462641599999998,
            "count": 1,
            "self": 0.021134299999992834,
            "children": {
                "TrainerController._reset_env": {
                    "total": 7.6385651999999995,
                    "count": 1,
                    "self": 7.6385651999999995
                },
                "TrainerController.advance": {
                    "total": 7.659677800000006,
                    "count": 1036,
                    "self": 0.02125539999996917,
                    "children": {
                        "env_step": {
                            "total": 7.519921600000028,
                            "count": 1036,
                            "self": 6.344414400000094,
                            "children": {
                                "SubprocessEnvManager._take_step": {
                                    "total": 1.1628883999999857,
                                    "count": 1036,
                                    "self": 0.046597199999959926,
                                    "children": {
                                        "TorchPolicy.evaluate": {
                                            "total": 1.1162912000000258,
                                            "count": 1004,
                                            "self": 0.23794440000000883,
                                            "children": {
                                                "TorchPolicy.sample_actions": {
                                                    "total": 0.878346800000017,
                                                    "count": 1004,
                                                    "self": 0.878346800000017
                                                }
                                            }
                                        }
                                    }
                                },
                                "workers": {
                                    "total": 0.012618799999948749,
                                    "count": 1035,
                                    "self": 0.0,
                                    "children": {
                                        "worker_root": {
                                            "total": 7.861460699999993,
                                            "count": 1035,
                                            "is_parallel": true,
                                            "self": 2.402228199999973,
                                            "children": {
                                                "steps_from_proto": {
                                                    "total": 0.00041370000000018337,
                                                    "count": 1,
                                                    "is_parallel": true,
                                                    "self": 0.0002653999999999712,
                                                    "children": {
                                                        "_process_rank_one_or_two_observation": {
                                                            "total": 0.00014830000000021215,
                                                            "count": 2,
                                                            "is_parallel": true,
                                                            "self": 0.00014830000000021215
                                                        }
                                                    }
                                                },
                                                "UnityEnvironment.step": {
                                                    "total": 5.45881880000002,
                                                    "count": 1035,
                                                    "is_parallel": true,
                                                    "self": 0.07718199999998898,
                                                    "children": {
                                                        "UnityEnvironment._generate_step_input": {
                                                            "total": 0.058838700000022115,
                                                            "count": 1035,
                                                            "is_parallel": true,
                                                            "self": 0.058838700000022115
                                                        },
                                                        "communicator.exchange": {
                                                            "total": 5.042434800000003,
                                                            "count": 1035,
                                                            "is_parallel": true,
                                                            "self": 5.042434800000003
                                                        },
                                                        "steps_from_proto": {
                                                            "total": 0.28036330000000564,
                                                            "count": 1035,
                                                            "is_parallel": true,
                                                            "self": 0.18919439999998744,
                                                            "children": {
                                                                "_process_rank_one_or_two_observation": {
                                                                    "total": 0.0911689000000182,
                                                                    "count": 2070,
                                                                    "is_parallel": true,
                                                                    "self": 0.0911689000000182
                                                                }
                                                            }
                                                        }
                                                    }
                                                }
                                            }
                                        }
                                    }
                                }
                            }
                        },
                        "trainer_advance": {
                            "total": 0.11850080000000851,
                            "count": 1035,
                            "self": 0.025877500000021314,
                            "children": {
                                "process_trajectory": {
                                    "total": 0.0926232999999872,
                                    "count": 1035,
                                    "self": 0.0926232999999872
                                }
                            }
                        }
                    }
                },