{
    "name": "root",
    "metadata": {
        "timer_format_version": "0.1.0",
        "start_time_seconds": "1621974974",
        "python_version": "3.7.10 (default, Feb 26 2021, 10:16:00) \n[Clang 10.0.0 ]",
        "command_line_arguments": "/opt/anaconda3/envs/ml-agents-1.0/bin/mlagents-learn ./trainer_config.yaml --run-id hb_01",
        "mlagents_version": "0.16.0",
        "mlagents_envs_version": "0.16.0",
        "communication_protocol_version": "1.0.0",
        "tensorflow_version": "2.5.0",
        "end_time_seconds": "1621974992"
    },
    "total": 17.889584349,
    "count": 1,
    "self": 0.0007588900000037313,
    "children": {
        "run_training.setup": {
            "total": 0.007940049000000116,
            "count": 1,
            "self": 0.007940049000000116
        },
        "TrainerController.start_learning": {
            "total": 17.880885409999998,
            "count": 1,
            "self": 1.2113918709999822,
            "children": {
                "TrainerController._reset_env": {
                    "total": 8.388964355,
                    "count": 1,
                    "self": 8.388964355
                },
                "TrainerController.advance": {
                    "total": 8.089314166000014,
                    "count": 56,
                    "self": 0.0007498870000102187,
                    "children": {
                        "env_step": {
                            "total": 8.088564279000003,
                            "count": 56,
                            "self": 7.981468047999993,
                            "children": {
                                "SubprocessEnvManager._take_step": {
                                    "total": 0.10632886799999852,
                                    "count": 56,
                                    "self": 0.0019240459999902981,
                                    "children": {
                                        "NNPolicy.evaluate": {
                                            "total": 0.10440482200000822,
                                            "count": 56,
                                            "self": 0.10440482200000822
                                        }
                                    }
                                },
                                "workers": {
                                    "total": 0.0007673630000120113,
                                    "count": 55,
                                    "self": 0.0,
                                    "children": {
                                        "worker_root": {
                                            "total": 16.89600820299999,
                                            "count": 55,
                                            "is_parallel": true,
                                            "self": 9.717073056999979,
                                            "children": {
                                                "run_training.setup": {
                                                    "total": 0.0,
                                                    "count": 0,
                                                    "is_parallel": true,
                                                    "self": 0.0,
                                                    "children": {
                                                        "steps_from_proto": {
                                                            "total": 0.001196792000000002,
                                                            "count": 1,
                                                            "is_parallel": true,
                                                            "self": 0.0005189740000002274,
                                                            "children": {
                                                                "_process_vector_observation": {
                                                                    "total": 0.0006778179999997747,
                                                                    "count": 2,
                                                                    "is_parallel": true,
                                                                    "self": 0.0006778179999997747
                                                                }
                                                            }
                                                        },
                                                        "UnityEnvironment.step": {
                                                            "total": 0.06346343699999935,
                                                            "count": 1,
                                                            "is_parallel": true,
                                                            "self": 0.00011295499999697256,
                                                            "children": {
                                                                "UnityEnvironment._generate_step_input": {
                                                                    "total": 0.00015348600000031354,
                                                                    "count": 1,
                                                                    "is_parallel": true,
                                                                    "self": 0.00015348600000031354
                                                                },
                                                                "communicator.exchange": {
                                                                    "total": 0.06285710500000086,
                                                                    "count": 1,
                                                                    "is_parallel": true,
                                                                    "self": 0.06285710500000086
                                                                },
                                                                "steps_from_proto": {
                                                                    "total": 0.0003398910000012023,
                                                                    "count": 1,
                                                                    "is_parallel": true,
                                                                    "self": 0.00021295600000037496,
                                                                    "children": {
                                                                        "_process_vector_observation": {
                                                                            "total": 0.00012693500000082736,
                                                                            "count": 2,
                                                                            "is_parallel": true,
                                                                            "self": 0.00012693500000082736
                                                                        }
                                                                    }
                                                                }
                                                            }
                                                        }
                                                    }
                                                },
                                                "UnityEnvironment.step": {
                                                    "total": 7.178935146000011,
                                                    "count": 54,
                                                    "is_parallel": true,
                                                    "self": 0.005703928000015068,