{
    "name": "root",
    "metadata": {
        "timer_format_version": "0.1.0",
        "start_time_seconds": "1622059044",
        "python_version": "3.7.10 (default, Feb 26 2021, 10:16:00) \n[Clang 10.0.0 ]",
        "command_line_arguments": "/opt/anaconda3/envs/ml-agents-1.0/bin/mlagents-learn ./trainer_config.yaml --run-id new_56",
        "mlagents_version": "0.16.0",
        "mlagents_envs_version": "0.16.0",
        "communication_protocol_version": "1.0.0",
        "tensorflow_version": "2.5.0",
        "end_time_seconds": "1622059058"
    },
    "total": 14.085229991999999,
    "count": 1,
    "self": 0.0009623259999980149,
    "children": {
        "run_training.setup": {
            "total": 0.008152089999999834,
            "count": 1,
            "self": 0.008152089999999834
        },
        "TrainerController.start_learning": {
            "total": 14.076115576000001,
            "count": 1,
            "self": 1.1995214320000027,
            "children": {
                "TrainerController._reset_env": {
                    "total": 4.336791948,
                    "count": 1,
                    "self": 4.336791948
                },
                "TrainerController.advance": {
                    "total": 8.353288983,
                    "count": 256,
                    "self": 0.003178009999999176,
                    "children": {
                        "env_step": {
                            "total": 8.350110973000001,
                            "count": 256,
                            "self": 8.075816685000008,
                            "children": {
                                "SubprocessEnvManager._take_step": {
                                    "total": 0.27089372600002015,
                                    "count": 256,
                                    "self": 0.008037869000027342,
                                    "children": {
                                        "NNPolicy.evaluate": {
                                            "total": 0.2628558569999928,
                                            "count": 255,
                                            "self": 0.2628558569999928
                                        }
                                    }
                                },
                                "workers": {
                                    "total": 0.003400561999972851,
                                    "count": 255,
                                    "self": 0.0,
                                    "children": {
                                        "worker_root": {
                                            "total": 13.728607825000013,
                                            "count": 255,
                                            "is_parallel": true,
                                            "self": 6.108425194000024,
                                            "children": {
                                                "run_training.setup": {
                                                    "total": 0.0,
                                                    "count": 0,
                                                    "is_parallel": true,
                                                    "self": 0.0,
                                                    "children": {
                                                        "steps_from_proto": {
                                                            "total": 0.0012714609999999738,
                                                            "count": 1,
                                                            "is_parallel": true,
                                                            "self": 0.000602710999999978,
                                                            "children": {
                                                                "_process_vector_observation": {
                                                                    "total": 0.0006687499999999957,
                                                                    "count": 2,
                                                                    "is_parallel": true,
                                                                    "self": 0.0006687499999999957
                                                                }
                                                            }
                                                        },
                                                        "UnityEnvironment.step": {
                                                            "total": 0.15607317199999926,
                                                            "count": 1,
                                                            "is_parallel": true,
                                                            "self": 0.0001241949999979397,
                                                            "children": {
                                                                "UnityEnvironment._generate_step_input": {
                                                                    "total": 0.0001448690000014352,
                                                                    "count": 1,
                                                                    "is_parallel": true,
                                                                    "self": 0.0001448690000014352
                                                                },
                                                                "communicator.exchange": {
                                                                    "total": 0.15543460900000028,
                                                                    "count": 1,
                                                                    "is_parallel": true,
                                                                    "self": 0.15543460900000028
                                                                },
                                                                "steps_from_proto": {
                                                                    "total": 0.0003694989999996068,
                                                                    "count": 1,
                                                                    "is_parallel": true,
                                                                    "self": 0.00022982399999982306,
                                                                    "children": {
                                                                        "_process_vector_observation": {
                                                                            "total": 0.00013967499999978372,
                                                                            "count": 2,
                                                                            "is_parallel": true,
                                                                            "self": 0.00013967499999978372
                                                                        }
                                                                    }
                                                                }
                                                            }
                                                        }
                                                    }
                                                },
                                                "UnityEnvironment.step": {
                                                    "total": 7.62018263099999,
                                                    "count": 254,
                                                    "is_parallel": true,
                                                    "self": 0.025441616000010825,