{
    "name": "root",
    "metadata": {
        "timer_format_version": "0.1.0",
        "start_time_seconds": "1622245897",
        "python_version": "3.7.10 (default, Feb 26 2021, 10:16:00) \n[Clang 10.0.0 ]",
        "command_line_arguments": "/opt/anaconda3/envs/ml-agents-1.0/bin/mlagents-learn ./trainer_config.yaml --run-id new_47",
        "mlagents_version": "0.16.0",
        "mlagents_envs_version": "0.16.0",
        "communication_protocol_version": "1.0.0",
        "tensorflow_version": "2.5.0",
        "end_time_seconds": "1622245940"
    },
    "total": 42.783345508,
    "count": 1,
    "self": 0.0016112079999999196,
    "children": {
        "run_training.setup": {
            "total": 0.00951868900000008,
            "count": 1,
            "self": 0.00951868900000008
        },
        "TrainerController.start_learning": {
            "total": 42.772215611,
            "count": 1,
            "self": 1.2387473400000033,
            "children": {
                "TrainerController._reset_env": {
                    "total": 4.973803491,
                    "count": 1,
                    "self": 4.973803491
                },
                "TrainerController.advance": {
                    "total": 36.372033181,
                    "count": 8,
                    "self": 0.00011116099999952667,
                    "children": {
                        "env_step": {
                            "total": 36.37192202,
                            "count": 8,
                            "self": 36.332863038999996,
                            "children": {
                                "SubprocessEnvManager._take_step": {
                                    "total": 0.03894817800000361,
                                    "count": 8,
                                    "self": 0.0002791470000005347,
                                    "children": {
                                        "NNPolicy.evaluate": {
                                            "total": 0.038669031000003073,
                                            "count": 8,
                                            "self": 0.038669031000003073
                                        }
                                    }
                                },
                                "workers": {
                                    "total": 0.00011080300000010368,
                                    "count": 7,
                                    "self": 0.0,
                                    "children": {
                                        "worker_root": {
                                            "total": 6.456299713,
                                            "count": 7,
                                            "is_parallel": true,
                                            "self": 6.251784969999999,
                                            "children": {
                                                "run_training.setup": {
                                                    "total": 0.0,
                                                    "count": 0,
                                                    "is_parallel": true,
                                                    "self": 0.0,
                                                    "children": {
                                                        "steps_from_proto": {
                                                            "total": 0.001272218999998742,
                                                            "count": 1,
                                                            "is_parallel": true,
                                                            "self": 0.0005504299999987694,
                                                            "children": {
                                                                "_process_vector_observation": {
                                                                    "total": 0.0007217889999999727,
                                                                    "count": 2,
                                                                    "is_parallel": true,
                                                                    "self": 0.0007217889999999727
                                                                }
                                                            }
                                                        },
                                                        "UnityEnvironment.step": {
                                                            "total": 0.10355474300000012,
                                                            "count": 1,
                                                            "is_parallel": true,
                                                            "self": 0.0001234420000013614,
                                                            "children": {
                                                                "UnityEnvironment._generate_step_input": {
                                                                    "total": 0.00012787499999866725,
                                                                    "count": 1,
                                                                    "is_parallel": true,
                                                                    "self": 0.00012787499999866725
                                                                },
                                                                "communicator.exchange": {
                                                                    "total": 0.10293938300000072,
                                                                    "count": 1,
                                                                    "is_parallel": true,
                                                                    "self": 0.10293938300000072
                                                                },
                                                                "steps_from_proto": {
                                                                    "total": 0.00036404299999936995,
                                                                    "count": 1,
                                                                    "is_parallel": true,
                                                                    "self": 0.00022730999999964752,
                                                                    "children": {
                                                                        "_process_vector_observation": {
                                                                            "total": 0.00013673299999972244,
                                                                            "count": 2,
                                                                            "is_parallel": true,
                                                                            "self": 0.00013673299999972244
                                                                        }
                                                                    }
                                                                }
                                                            }
                                                        }
                                                    }
                                                },
                                                "UnityEnvironment.step": {
                                                    "total": 0.20451474300000072,
                                                    "count": 6,
                                                    "is_parallel": true,
                                                    "self": 0.000641886000000369,