{
    "name": "root",
    "metadata": {
        "timer_format_version": "0.1.0",
        "start_time_seconds": "1622239737",
        "python_version": "3.7.10 (default, Feb 26 2021, 10:16:00) \n[Clang 10.0.0 ]",
        "command_line_arguments": "/opt/anaconda3/envs/ml-agents-1.0/bin/mlagents-learn ./trainer_config.yaml --run-id new_27",
        "mlagents_version": "0.16.0",
        "mlagents_envs_version": "0.16.0",
        "communication_protocol_version": "1.0.0",
        "tensorflow_version": "2.5.0",
        "end_time_seconds": "1622239763"
    },
    "total": 25.947259856,
    "count": 1,
    "self": 0.0019232279999989998,
    "children": {
        "run_training.setup": {
            "total": 0.011232826999999723,
            "count": 1,
            "self": 0.011232826999999723
        },
        "TrainerController.start_learning": {
            "total": 25.934103801,
            "count": 1,
            "self": 1.29859593199998,
            "children": {
                "TrainerController._reset_env": {
                    "total": 6.6066809730000005,
                    "count": 1,
                    "self": 6.6066809730000005
                },
                "TrainerController.advance": {
                    "total": 17.83069674300002,
                    "count": 93,
                    "self": 0.0013350920000227973,
                    "children": {
                        "env_step": {
                            "total": 17.829361650999996,
                            "count": 93,
                            "self": 17.686725236,
                            "children": {
                                "SubprocessEnvManager._take_step": {
                                    "total": 0.14129823200000402,
                                    "count": 93,
                                    "self": 0.003220182999999821,
                                    "children": {
                                        "NNPolicy.evaluate": {
                                            "total": 0.1380780490000042,
                                            "count": 92,
                                            "self": 0.1380780490000042
                                        }
                                    }
                                },
                                "workers": {
                                    "total": 0.0013381829999925543,
                                    "count": 92,
                                    "self": 0.0,
                                    "children": {
                                        "worker_root": {
                                            "total": 23.24851482300001,
                                            "count": 92,
                                            "is_parallel": true,
                                            "self": 8.114407698999992,
                                            "children": {
                                                "run_training.setup": {
                                                    "total": 0.0,
                                                    "count": 0,
                                                    "is_parallel": true,
                                                    "self": 0.0,
                                                    "children": {
                                                        "steps_from_proto": {
                                                            "total": 0.0012758860000001704,
                                                            "count": 1,
                                                            "is_parallel": true,
                                                            "self": 0.0005386229999988501,
                                                            "children": {
                                                                "_process_vector_observation": {
                                                                    "total": 0.0007372630000013203,
                                                                    "count": 2,
                                                                    "is_parallel": true,
                                                                    "self": 0.0007372630000013203
                                                                }
                                                            }
                                                        },
                                                        "UnityEnvironment.step": {
                                                            "total": 0.07202063999999986,
                                                            "count": 1,
                                                            "is_parallel": true,
                                                            "self": 0.0002098050000007845,
                                                            "children": {
                                                                "UnityEnvironment._generate_step_input": {
                                                                    "total": 0.0001598890000007458,
                                                                    "count": 1,
                                                                    "is_parallel": true,
                                                                    "self": 0.0001598890000007458
                                                                },
                                                                "communicator.exchange": {
                                                                    "total": 0.07128291599999947,
                                                                    "count": 1,
                                                                    "is_parallel": true,
                                                                    "self": 0.07128291599999947
                                                                },
                                                                "steps_from_proto": {
                                                                    "total": 0.00036802999999885344,
                                                                    "count": 1,
                                                                    "is_parallel": true,
                                                                    "self": 0.00023038500000005513,
                                                                    "children": {
                                                                        "_process_vector_observation": {
                                                                            "total": 0.0001376449999987983,
                                                                            "count": 2,
                                                                            "is_parallel": true,
                                                                            "self": 0.0001376449999987983
                                                                        }
                                                                    }
                                                                }
                                                            }
                                                        }
                                                    }
                                                },
                                                "UnityEnvironment.step": {
                                                    "total": 15.13410712400002,
                                                    "count": 91,
                                                    "is_parallel": true,
                                                    "self": 0.010210215000025613,