{
    "name": "root",
    "metadata": {
        "timer_format_version": "0.1.0",
        "start_time_seconds": "1622239544",
        "python_version": "3.7.10 (default, Feb 26 2021, 10:16:00) \n[Clang 10.0.0 ]",
        "command_line_arguments": "/opt/anaconda3/envs/ml-agents-1.0/bin/mlagents-learn ./trainer_config.yaml --run-id new_26",
        "mlagents_version": "0.16.0",
        "mlagents_envs_version": "0.16.0",
        "communication_protocol_version": "1.0.0",
        "tensorflow_version": "2.5.0",
        "end_time_seconds": "1622239577"
    },
    "total": 33.437110201,
    "count": 1,
    "self": 0.0008910710000051836,
    "children": {
        "run_training.setup": {
            "total": 0.009252833000000127,
            "count": 1,
            "self": 0.009252833000000127
        },
        "TrainerController.start_learning": {
            "total": 33.426966297,
            "count": 1,
            "self": 1.3237943899999962,
            "children": {
                "TrainerController._reset_env": {
                    "total": 5.792049510000001,
                    "count": 1,
                    "self": 5.792049510000001
                },
                "TrainerController.advance": {
                    "total": 26.103776290000006,
                    "count": 111,
                    "self": 0.0015016410000399105,
                    "children": {
                        "env_step": {
                            "total": 26.102274648999966,
                            "count": 111,
                            "self": 25.93945635699998,
                            "children": {
                                "SubprocessEnvManager._take_step": {
                                    "total": 0.16125832700002007,
                                    "count": 111,
                                    "self": 0.0038421170000244587,
                                    "children": {
                                        "NNPolicy.evaluate": {
                                            "total": 0.15741620999999562,
                                            "count": 109,
                                            "self": 0.15741620999999562
                                        }
                                    }
                                },
                                "workers": {
                                    "total": 0.0015599649999664678,
                                    "count": 110,
                                    "self": 0.0,
                                    "children": {
                                        "worker_root": {
                                            "total": 30.109237459000003,
                                            "count": 110,
                                            "is_parallel": true,
                                            "self": 8.01565412599999,
                                            "children": {
                                                "run_training.setup": {
                                                    "total": 0.0,
                                                    "count": 0,
                                                    "is_parallel": true,
                                                    "self": 0.0,
                                                    "children": {
                                                        "steps_from_proto": {
                                                            "total": 0.0014303249999993994,
                                                            "count": 1,
                                                            "is_parallel": true,
                                                            "self": 0.0005905439999995821,
                                                            "children": {
                                                                "_process_vector_observation": {
                                                                    "total": 0.0008397809999998174,
                                                                    "count": 2,
                                                                    "is_parallel": true,
                                                                    "self": 0.0008397809999998174
                                                                }
                                                            }
                                                        },
                                                        "UnityEnvironment.step": {
                                                            "total": 0.7279427740000006,
                                                            "count": 1,
                                                            "is_parallel": true,
                                                            "self": 0.0001220350000004089,
                                                            "children": {
                                                                "UnityEnvironment._generate_step_input": {
                                                                    "total": 0.00012257899999923438,
                                                                    "count": 1,
                                                                    "is_parallel": true,
                                                                    "self": 0.00012257899999923438
                                                                },
                                                                "communicator.exchange": {
                                                                    "total": 0.7273448290000015,
                                                                    "count": 1,
                                                                    "is_parallel": true,
                                                                    "self": 0.7273448290000015
                                                                },
                                                                "steps_from_proto": {
                                                                    "total": 0.00035333099999945716,
                                                                    "count": 1,
                                                                    "is_parallel": true,
                                                                    "self": 0.00021271800000022267,
                                                                    "children": {
                                                                        "_process_vector_observation": {
                                                                            "total": 0.0001406129999992345,
                                                                            "count": 2,
                                                                            "is_parallel": true,
                                                                            "self": 0.0001406129999992345
                                                                        }
                                                                    }
                                                                }
                                                            }
                                                        }
                                                    }
                                                },
                                                "UnityEnvironment.step": {
                                                    "total": 22.093583333000012,
                                                    "count": 109,
                                                    "is_parallel": true,
                                                    "self": 0.012340628000032439,