{
    "name": "root",
    "metadata": {
        "timer_format_version": "0.1.0",
        "start_time_seconds": "1622244562",
        "python_version": "3.7.10 (default, Feb 26 2021, 10:16:00) \n[Clang 10.0.0 ]",
        "command_line_arguments": "/opt/anaconda3/envs/ml-agents-1.0/bin/mlagents-learn ./trainer_config.yaml --run-id new_43",
        "mlagents_version": "0.16.0",
        "mlagents_envs_version": "0.16.0",
        "communication_protocol_version": "1.0.0",
        "tensorflow_version": "2.5.0",
        "end_time_seconds": "1622244638"
    },
    "total": 75.715758132,
    "count": 1,
    "self": 0.002882362000008243,
    "children": {
        "run_training.setup": {
            "total": 0.010515672000000365,
            "count": 1,
            "self": 0.010515672000000365
        },
        "TrainerController.start_learning": {
            "total": 75.702360098,
            "count": 1,
            "self": 1.2375132719999868,
            "children": {
                "TrainerController._reset_env": {
                    "total": 9.607278817000001,
                    "count": 1,
                    "self": 9.607278817000001
                },
                "TrainerController.advance": {
                    "total": 64.857568009,
                    "count": 121,
                    "self": 0.0015190889999985302,
                    "children": {
                        "env_step": {
                            "total": 64.85604892,
                            "count": 121,
                            "self": 64.71719865300003,
                            "children": {
                                "SubprocessEnvManager._take_step": {
                                    "total": 0.1372640349999923,
                                    "count": 121,
                                    "self": 0.003930256999975512,
                                    "children": {
                                        "NNPolicy.evaluate": {
                                            "total": 0.13333377800001678,
                                            "count": 120,
                                            "self": 0.13333377800001678
                                        }
                                    }
                                },
                                "workers": {
                                    "total": 0.00158623199999397,
                                    "count": 120,
                                    "self": 0.0,
                                    "children": {
                                        "worker_root": {
                                            "total": 15.571951973000026,
                                            "count": 120,
                                            "is_parallel": true,
                                            "self": 11.849625799000012,
                                            "children": {
                                                "run_training.setup": {
                                                    "total": 0.0,
                                                    "count": 0,
                                                    "is_parallel": true,
                                                    "self": 0.0,
                                                    "children": {
                                                        "steps_from_proto": {
                                                            "total": 0.0013584509999997607,
                                                            "count": 1,
                                                            "is_parallel": true,
                                                            "self": 0.0006205599999997702,
                                                            "children": {
                                                                "_process_vector_observation": {
                                                                    "total": 0.0007378909999999905,
                                                                    "count": 2,
                                                                    "is_parallel": true,
                                                                    "self": 0.0007378909999999905
                                                                }
                                                            }
                                                        },
                                                        "UnityEnvironment.step": {
                                                            "total": 0.8675018029999997,
                                                            "count": 1,
                                                            "is_parallel": true,
                                                            "self": 0.00014276700000159792,
                                                            "children": {
                                                                "UnityEnvironment._generate_step_input": {
                                                                    "total": 0.00012772099999835973,
                                                                    "count": 1,
                                                                    "is_parallel": true,
                                                                    "self": 0.00012772099999835973
                                                                },
                                                                "communicator.exchange": {
                                                                    "total": 0.8668137380000012,
                                                                    "count": 1,
                                                                    "is_parallel": true,
                                                                    "self": 0.8668137380000012
                                                                },
                                                                "steps_from_proto": {
                                                                    "total": 0.000417576999998559,
                                                                    "count": 1,
                                                                    "is_parallel": true,
                                                                    "self": 0.00027576999999823215,
                                                                    "children": {
                                                                        "_process_vector_observation": {
                                                                            "total": 0.00014180700000032687,
                                                                            "count": 2,
                                                                            "is_parallel": true,
                                                                            "self": 0.00014180700000032687
                                                                        }
                                                                    }
                                                                }
                                                            }
                                                        }
                                                    }
                                                },
                                                "UnityEnvironment.step": {
                                                    "total": 3.7223261740000133,
                                                    "count": 119,
                                                    "is_parallel": true,
                                                    "self": 0.011144211999999598,