{
    "name": "root",
    "metadata": {
        "timer_format_version": "0.1.0",
        "start_time_seconds": "1622245980",
        "python_version": "3.7.10 (default, Feb 26 2021, 10:16:00) \n[Clang 10.0.0 ]",
        "command_line_arguments": "/opt/anaconda3/envs/ml-agents-1.0/bin/mlagents-learn ./trainer_config.yaml --run-id new_48",
        "mlagents_version": "0.16.0",
        "mlagents_envs_version": "0.16.0",
        "communication_protocol_version": "1.0.0",
        "tensorflow_version": "2.5.0",
        "end_time_seconds": "1622245994"
    },
    "total": 14.055785469,
    "count": 1,
    "self": 0.0013641539999991181,
    "children": {
        "run_training.setup": {
            "total": 0.009410254000000506,
            "count": 1,
            "self": 0.009410254000000506
        },
        "TrainerController.start_learning": {
            "total": 14.045011061,
            "count": 1,
            "self": 1.1970226729999993,
            "children": {
                "TrainerController._reset_env": {
                    "total": 4.273900866999999,
                    "count": 1,
                    "self": 4.273900866999999
                },
                "TrainerController.advance": {
                    "total": 8.383848590000001,
                    "count": 9,
                    "self": 0.00012577499999899544,
                    "children": {
                        "env_step": {
                            "total": 8.383722815000002,
                            "count": 9,
                            "self": 8.342698486999998,
                            "children": {
                                "SubprocessEnvManager._take_step": {
                                    "total": 0.04089929200000242,
                                    "count": 9,
                                    "self": 0.0003306770000008896,
                                    "children": {
                                        "NNPolicy.evaluate": {
                                            "total": 0.04056861500000153,
                                            "count": 9,
                                            "self": 0.04056861500000153
                                        }
                                    }
                                },
                                "workers": {
                                    "total": 0.00012503600000179915,
                                    "count": 8,
                                    "self": 0.0,
                                    "children": {
                                        "worker_root": {
                                            "total": 6.5282529469999995,
                                            "count": 8,
                                            "is_parallel": true,
                                            "self": 6.247472514000001,
                                            "children": {
                                                "run_training.setup": {
                                                    "total": 0.0,
                                                    "count": 0,
                                                    "is_parallel": true,
                                                    "self": 0.0,
                                                    "children": {
                                                        "steps_from_proto": {
                                                            "total": 0.0012619049999997856,
                                                            "count": 1,
                                                            "is_parallel": true,
                                                            "self": 0.0005468520000011523,
                                                            "children": {
                                                                "_process_vector_observation": {
                                                                    "total": 0.0007150529999986333,
                                                                    "count": 2,
                                                                    "is_parallel": true,
                                                                    "self": 0.0007150529999986333
                                                                }
                                                            }
                                                        },
                                                        "UnityEnvironment.step": {
                                                            "total": 0.8356874780000005,
                                                            "count": 1,
                                                            "is_parallel": true,
                                                            "self": 0.00012319899999901907,
                                                            "children": {
                                                                "UnityEnvironment._generate_step_input": {
                                                                    "total": 0.0001324100000008599,
                                                                    "count": 1,
                                                                    "is_parallel": true,
                                                                    "self": 0.0001324100000008599
                                                                },
                                                                "communicator.exchange": {
                                                                    "total": 0.8350443050000003,
                                                                    "count": 1,
                                                                    "is_parallel": true,
                                                                    "self": 0.8350443050000003
                                                                },
                                                                "steps_from_proto": {
                                                                    "total": 0.0003875640000003955,
                                                                    "count": 1,
                                                                    "is_parallel": true,
                                                                    "self": 0.00024640300000200455,
                                                                    "children": {
                                                                        "_process_vector_observation": {
                                                                            "total": 0.00014116099999839093,
                                                                            "count": 2,
                                                                            "is_parallel": true,
                                                                            "self": 0.00014116099999839093
                                                                        }
                                                                    }
                                                                }
                                                            }
                                                        }
                                                    }
                                                },
                                                "UnityEnvironment.step": {
                                                    "total": 0.28078043299999855,
                                                    "count": 7,
                                                    "is_parallel": true,
                                                    "self": 0.0008482500000024373,