{
    "name": "root",
    "metadata": {
        "timer_format_version": "0.1.0",
        "start_time_seconds": "1622059151",
        "python_version": "3.7.10 (default, Feb 26 2021, 10:16:00) \n[Clang 10.0.0 ]",
        "command_line_arguments": "/opt/anaconda3/envs/ml-agents-1.0/bin/mlagents-learn ./trainer_config.yaml --run-id new_57",
        "mlagents_version": "0.16.0",
        "mlagents_envs_version": "0.16.0",
        "communication_protocol_version": "1.0.0",
        "tensorflow_version": "2.5.0",
        "end_time_seconds": "1622059163"
    },
    "total": 12.188568227,
    "count": 1,
    "self": 0.0009270820000004676,
    "children": {
        "run_training.setup": {
            "total": 0.009137933999999959,
            "count": 1,
            "self": 0.009137933999999959
        },
        "TrainerController.start_learning": {
            "total": 12.178503210999999,
            "count": 1,
            "self": 1.140362913999999,
            "children": {
                "TrainerController._reset_env": {
                    "total": 4.643985525,
                    "count": 1,
                    "self": 4.643985525
                },
                "TrainerController.advance": {
                    "total": 6.215687099000002,
                    "count": 196,
                    "self": 0.0023989060000033646,
                    "children": {
                        "env_step": {
                            "total": 6.213288192999999,
                            "count": 196,
                            "self": 5.994212460000005,
                            "children": {
                                "SubprocessEnvManager._take_step": {
                                    "total": 0.21649255599999506,
                                    "count": 196,
                                    "self": 0.006244780000017158,
                                    "children": {
                                        "NNPolicy.evaluate": {
                                            "total": 0.2102477759999779,
                                            "count": 195,
                                            "self": 0.2102477759999779
                                        }
                                    }
                                },
                                "workers": {
                                    "total": 0.0025831769999982157,
                                    "count": 195,
                                    "self": 0.0,
                                    "children": {
                                        "worker_root": {
                                            "total": 11.86784829299999,
                                            "count": 195,
                                            "is_parallel": true,
                                            "self": 6.242681868999984,
                                            "children": {
                                                "run_training.setup": {
                                                    "total": 0.0,
                                                    "count": 0,
                                                    "is_parallel": true,
                                                    "self": 0.0,
                                                    "children": {
                                                        "steps_from_proto": {
                                                            "total": 0.0012843310000008046,
                                                            "count": 1,
                                                            "is_parallel": true,
                                                            "self": 0.0005687760000014919,
                                                            "children": {
                                                                "_process_vector_observation": {
                                                                    "total": 0.0007155549999993127,
                                                                    "count": 2,
                                                                    "is_parallel": true,
                                                                    "self": 0.0007155549999993127
                                                                }
                                                            }
                                                        },
                                                        "UnityEnvironment.step": {
                                                            "total": 0.15436023900000073,
                                                            "count": 1,
                                                            "is_parallel": true,
                                                            "self": 0.00011717000000111,
                                                            "children": {
                                                                "UnityEnvironment._generate_step_input": {
                                                                    "total": 0.00015431899999995835,
                                                                    "count": 1,
                                                                    "is_parallel": true,
                                                                    "self": 0.00015431899999995835
                                                                },
                                                                "communicator.exchange": {
                                                                    "total": 0.1537674530000004,
                                                                    "count": 1,
                                                                    "is_parallel": true,
                                                                    "self": 0.1537674530000004
                                                                },
                                                                "steps_from_proto": {
                                                                    "total": 0.0003212969999992765,
                                                                    "count": 1,
                                                                    "is_parallel": true,
                                                                    "self": 0.00019640999999914754,
                                                                    "children": {
                                                                        "_process_vector_observation": {
                                                                            "total": 0.00012488700000012898,
                                                                            "count": 2,
                                                                            "is_parallel": true,
                                                                            "self": 0.00012488700000012898
                                                                        }
                                                                    }
                                                                }
                                                            }
                                                        }
                                                    }
                                                },
                                                "UnityEnvironment.step": {
                                                    "total": 5.625166424000005,
                                                    "count": 194,
                                                    "is_parallel": true,
                                                    "self": 0.01910931199999233,