{
    "name": "root",
    "metadata": {
        "timer_format_version": "0.1.0",
        "start_time_seconds": "1622240697",
        "python_version": "3.7.10 (default, Feb 26 2021, 10:16:00) \n[Clang 10.0.0 ]",
        "command_line_arguments": "/opt/anaconda3/envs/ml-agents-1.0/bin/mlagents-learn ./trainer_config.yaml --run-id new_36",
        "mlagents_version": "0.16.0",
        "mlagents_envs_version": "0.16.0",
        "communication_protocol_version": "1.0.0",
        "tensorflow_version": "2.5.0",
        "end_time_seconds": "1622240715"
    },
    "total": 17.798096965,
    "count": 1,
    "self": 0.0011431759999993574,
    "children": {
        "run_training.setup": {
            "total": 0.010530246000000076,
            "count": 1,
            "self": 0.010530246000000076
        },
        "TrainerController.start_learning": {
            "total": 17.786423542999998,
            "count": 1,
            "self": 1.3171838310000368,
            "children": {
                "TrainerController._reset_env": {
                    "total": 7.617591718000001,
                    "count": 1,
                    "self": 7.617591718000001
                },
                "TrainerController.advance": {
                    "total": 8.647871931999962,
                    "count": 176,
                    "self": 0.0023860039999625826,
                    "children": {
                        "env_step": {
                            "total": 8.645485928,
                            "count": 176,
                            "self": 8.408785106000044,
                            "children": {
                                "SubprocessEnvManager._take_step": {
                                    "total": 0.23411083099996688,
                                    "count": 176,
                                    "self": 0.006516202999945264,
                                    "children": {
                                        "NNPolicy.evaluate": {
                                            "total": 0.22759462800002161,
                                            "count": 175,
                                            "self": 0.22759462800002161
                                        }
                                    }
                                },
                                "workers": {
                                    "total": 0.0025899909999882453,
                                    "count": 175,
                                    "self": 0.0,
                                    "children": {
                                        "worker_root": {
                                            "total": 17.420972978999984,
                                            "count": 175,
                                            "is_parallel": true,
                                            "self": 9.323553366999997,
                                            "children": {
                                                "run_training.setup": {
                                                    "total": 0.0,
                                                    "count": 0,
                                                    "is_parallel": true,
                                                    "self": 0.0,
                                                    "children": {
                                                        "steps_from_proto": {
                                                            "total": 0.001770347999999089,
                                                            "count": 1,
                                                            "is_parallel": true,
                                                            "self": 0.0007890749999983626,
                                                            "children": {
                                                                "_process_vector_observation": {
                                                                    "total": 0.0009812730000007264,
                                                                    "count": 2,
                                                                    "is_parallel": true,
                                                                    "self": 0.0009812730000007264
                                                                }
                                                            }
                                                        },
                                                        "UnityEnvironment.step": {
                                                            "total": 0.06262779200000068,
                                                            "count": 1,
                                                            "is_parallel": true,
                                                            "self": 0.00013170800000139593,
                                                            "children": {
                                                                "UnityEnvironment._generate_step_input": {
                                                                    "total": 0.00014919200000029775,
                                                                    "count": 1,
                                                                    "is_parallel": true,
                                                                    "self": 0.00014919200000029775
                                                                },
                                                                "communicator.exchange": {
                                                                    "total": 0.06194510899999983,
                                                                    "count": 1,
                                                                    "is_parallel": true,
                                                                    "self": 0.06194510899999983
                                                                },
                                                                "steps_from_proto": {
                                                                    "total": 0.00040178299999915623,
                                                                    "count": 1,
                                                                    "is_parallel": true,
                                                                    "self": 0.00023569000000023266,
                                                                    "children": {
                                                                        "_process_vector_observation": {
                                                                            "total": 0.00016609299999892357,
                                                                            "count": 2,
                                                                            "is_parallel": true,
                                                                            "self": 0.00016609299999892357
                                                                        }
                                                                    }
                                                                }
                                                            }
                                                        }
                                                    }
                                                },
                                                "UnityEnvironment.step": {
                                                    "total": 8.097419611999987,
                                                    "count": 174,
                                                    "is_parallel": true,
                                                    "self": 0.021797911999987818,