{
    "name": "root",
    "metadata": {
        "timer_format_version": "0.1.0",
        "start_time_seconds": "1622239412",
        "python_version": "3.7.10 (default, Feb 26 2021, 10:16:00) \n[Clang 10.0.0 ]",
        "command_line_arguments": "/opt/anaconda3/envs/ml-agents-1.0/bin/mlagents-learn ./trainer_config.yaml --run-id new_25",
        "mlagents_version": "0.16.0",
        "mlagents_envs_version": "0.16.0",
        "communication_protocol_version": "1.0.0",
        "tensorflow_version": "2.5.0",
        "end_time_seconds": "1622239503"
    },
    "total": 90.767564599,
    "count": 1,
    "self": 0.0014976030000042329,
    "children": {
        "run_training.setup": {
            "total": 0.008331504000000045,
            "count": 1,
            "self": 0.008331504000000045
        },
        "TrainerController.start_learning": {
            "total": 90.757735492,
            "count": 1,
            "self": 1.3827075000000093,
            "children": {
                "TrainerController._reset_env": {
                    "total": 5.164612829000001,
                    "count": 1,
                    "self": 5.164612829000001
                },
                "TrainerController.advance": {
                    "total": 83.99729769599998,
                    "count": 327,
                    "self": 0.004463499999886267,
                    "children": {
                        "env_step": {
                            "total": 83.99283419600009,
                            "count": 327,
                            "self": 83.61745913200014,
                            "children": {
                                "SubprocessEnvManager._take_step": {
                                    "total": 0.3704602810000672,
                                    "count": 327,
                                    "self": 0.011644126000108557,
                                    "children": {
                                        "NNPolicy.evaluate": {
                                            "total": 0.35881615499995867,
                                            "count": 314,
                                            "self": 0.35881615499995867
                                        }
                                    }
                                },
                                "workers": {
                                    "total": 0.004914782999886569,
                                    "count": 326,
                                    "self": 0.0,
                                    "children": {
                                        "worker_root": {
                                            "total": 88.75463243700001,
                                            "count": 326,
                                            "is_parallel": true,
                                            "self": 8.131524506000034,
                                            "children": {
                                                "run_training.setup": {
                                                    "total": 0.0,
                                                    "count": 0,
                                                    "is_parallel": true,
                                                    "self": 0.0,
                                                    "children": {
                                                        "steps_from_proto": {
                                                            "total": 0.0016634510000006486,
                                                            "count": 1,
                                                            "is_parallel": true,
                                                            "self": 0.0008042010000011146,
                                                            "children": {
                                                                "_process_vector_observation": {
                                                                    "total": 0.000859249999999534,
                                                                    "count": 2,
                                                                    "is_parallel": true,
                                                                    "self": 0.000859249999999534
                                                                }
                                                            }
                                                        },
                                                        "UnityEnvironment.step": {
                                                            "total": 0.9282931429999994,
                                                            "count": 1,
                                                            "is_parallel": true,
                                                            "self": 0.00015020999999926232,
                                                            "children": {
                                                                "UnityEnvironment._generate_step_input": {
                                                                    "total": 0.00026612799999981007,
                                                                    "count": 1,
                                                                    "is_parallel": true,
                                                                    "self": 0.00026612799999981007
                                                                },
                                                                "communicator.exchange": {
                                                                    "total": 0.9274437280000001,
                                                                    "count": 1,
                                                                    "is_parallel": true,
                                                                    "self": 0.9274437280000001
                                                                },
                                                                "steps_from_proto": {
                                                                    "total": 0.0004330770000002815,
                                                                    "count": 1,
                                                                    "is_parallel": true,
                                                                    "self": 0.0002651269999986994,
                                                                    "children": {
                                                                        "_process_vector_observation": {
                                                                            "total": 0.0001679500000015821,
                                                                            "count": 2,
                                                                            "is_parallel": true,
                                                                            "self": 0.0001679500000015821
                                                                        }
                                                                    }
                                                                }
                                                            }
                                                        }
                                                    }
                                                },
                                                "UnityEnvironment.step": {
                                                    "total": 80.62310793099998,
                                                    "count": 325,
                                                    "is_parallel": true,
                                                    "self": 0.039144092999734426,