{
    "name": "root",
    "metadata": {
        "timer_format_version": "0.1.0",
        "start_time_seconds": "1622246098",
        "python_version": "3.7.10 (default, Feb 26 2021, 10:16:00) \n[Clang 10.0.0 ]",
        "command_line_arguments": "/opt/anaconda3/envs/ml-agents-1.0/bin/mlagents-learn ./trainer_config.yaml --run-id new_49",
        "mlagents_version": "0.16.0",
        "mlagents_envs_version": "0.16.0",
        "communication_protocol_version": "1.0.0",
        "tensorflow_version": "2.5.0",
        "end_time_seconds": "1622246109"
    },
    "total": 11.541401714,
    "count": 1,
    "self": 0.0007976460000005403,
    "children": {
        "run_training.setup": {
            "total": 0.010482277999999567,
            "count": 1,
            "self": 0.010482277999999567
        },
        "TrainerController.start_learning": {
            "total": 11.530121789999999,
            "count": 1,
            "self": 1.2478096289999971,
            "children": {
                "TrainerController._reset_env": {
                    "total": 4.3470392250000005,
                    "count": 1,
                    "self": 4.3470392250000005
                },
                "TrainerController.advance": {
                    "total": 5.741171856000001,
                    "count": 9,
                    "self": 0.00011405600000102822,
                    "children": {
                        "env_step": {
                            "total": 5.7410578,
                            "count": 9,
                            "self": 5.690917122999995,
                            "children": {
                                "SubprocessEnvManager._take_step": {
                                    "total": 0.050024293000005216,
                                    "count": 9,
                                    "self": 0.0003183580000065689,
                                    "children": {
                                        "NNPolicy.evaluate": {
                                            "total": 0.04970593499999865,
                                            "count": 9,
                                            "self": 0.04970593499999865
                                        }
                                    }
                                },
                                "workers": {
                                    "total": 0.00011638400000002491,
                                    "count": 8,
                                    "self": 0.0,
                                    "children": {
                                        "worker_root": {
                                            "total": 6.3598308539999975,
                                            "count": 8,
                                            "is_parallel": true,
                                            "self": 6.118010902999997,
                                            "children": {
                                                "run_training.setup": {
                                                    "total": 0.0,
                                                    "count": 0,
                                                    "is_parallel": true,
                                                    "self": 0.0,
                                                    "children": {
                                                        "steps_from_proto": {
                                                            "total": 0.0014101469999996397,
                                                            "count": 1,
                                                            "is_parallel": true,
                                                            "self": 0.0006133749999985838,
                                                            "children": {
                                                                "_process_vector_observation": {
                                                                    "total": 0.0007967720000010559,
                                                                    "count": 2,
                                                                    "is_parallel": true,
                                                                    "self": 0.0007967720000010559
                                                                }
                                                            }
                                                        },
                                                        "UnityEnvironment.step": {
                                                            "total": 0.5782844610000009,
                                                            "count": 1,
                                                            "is_parallel": true,
                                                            "self": 0.00014546000000237314,
                                                            "children": {
                                                                "UnityEnvironment._generate_step_input": {
                                                                    "total": 0.00013598099999967417,
                                                                    "count": 1,
                                                                    "is_parallel": true,
                                                                    "self": 0.00013598099999967417
                                                                },
                                                                "communicator.exchange": {
                                                                    "total": 0.5775929609999988,
                                                                    "count": 1,
                                                                    "is_parallel": true,
                                                                    "self": 0.5775929609999988
                                                                },
                                                                "steps_from_proto": {
                                                                    "total": 0.00041005900000001816,
                                                                    "count": 1,
                                                                    "is_parallel": true,
                                                                    "self": 0.0002527600000004071,
                                                                    "children": {
                                                                        "_process_vector_observation": {
                                                                            "total": 0.00015729899999961106,
                                                                            "count": 2,
                                                                            "is_parallel": true,
                                                                            "self": 0.00015729899999961106
                                                                        }
                                                                    }
                                                                }
                                                            }
                                                        }
                                                    }
                                                },
                                                "UnityEnvironment.step": {
                                                    "total": 0.2418199510000001,
                                                    "count": 7,
                                                    "is_parallel": true,
                                                    "self": 0.0007348619999980599,