{
    "name": "root",
    "metadata": {
        "timer_format_version": "0.1.0",
        "start_time_seconds": "1622058964",
        "python_version": "3.7.10 (default, Feb 26 2021, 10:16:00) \n[Clang 10.0.0 ]",
        "command_line_arguments": "/opt/anaconda3/envs/ml-agents-1.0/bin/mlagents-learn ./trainer_config.yaml --run-id new_55",
        "mlagents_version": "0.16.0",
        "mlagents_envs_version": "0.16.0",
        "communication_protocol_version": "1.0.0",
        "tensorflow_version": "2.5.0",
        "end_time_seconds": "1622059018"
    },
    "total": 53.350905839,
    "count": 1,
    "self": 0.0008398980000023926,
    "children": {
        "run_training.setup": {
            "total": 0.00962131899999985,
            "count": 1,
            "self": 0.00962131899999985
        },
        "TrainerController.start_learning": {
            "total": 53.340444622,
            "count": 1,
            "self": 1.4883831550001219,
            "children": {
                "TrainerController._reset_env": {
                    "total": 10.410618719999999,
                    "count": 1,
                    "self": 10.410618719999999
                },
                "TrainerController.advance": {
                    "total": 41.25346018999987,
                    "count": 1249,
                    "self": 0.015535285999796145,
                    "children": {
                        "env_step": {
                            "total": 41.237924904000074,
                            "count": 1249,
                            "self": 40.04129109900011,
                            "children": {
                                "SubprocessEnvManager._take_step": {
                                    "total": 1.1796254669999797,
                                    "count": 1249,
                                    "self": 0.04018900800011238,
                                    "children": {
                                        "NNPolicy.evaluate": {
                                            "total": 1.1394364589998673,
                                            "count": 1240,
                                            "self": 1.1394364589998673
                                        }
                                    }
                                },
                                "workers": {
                                    "total": 0.017008337999984136,
                                    "count": 1248,
                                    "self": 0.0,
                                    "children": {
                                        "worker_root": {
                                            "total": 52.96021482500004,
                                            "count": 1248,
                                            "is_parallel": true,
                                            "self": 14.428499125000016,
                                            "children": {
                                                "run_training.setup": {
                                                    "total": 0.0,
                                                    "count": 0,
                                                    "is_parallel": true,
                                                    "self": 0.0,
                                                    "children": {
                                                        "steps_from_proto": {
                                                            "total": 0.0011384299999992464,
                                                            "count": 1,
                                                            "is_parallel": true,
                                                            "self": 0.0004859570000004254,
                                                            "children": {
                                                                "_process_vector_observation": {
                                                                    "total": 0.000652472999998821,
                                                                    "count": 2,
                                                                    "is_parallel": true,
                                                                    "self": 0.000652472999998821
                                                                }
                                                            }
                                                        },
                                                        "UnityEnvironment.step": {
                                                            "total": 0.16998004499999908,
                                                            "count": 1,
                                                            "is_parallel": true,
                                                            "self": 0.00015182899999999222,
                                                            "children": {
                                                                "UnityEnvironment._generate_step_input": {
                                                                    "total": 0.00014162499999947897,
                                                                    "count": 1,
                                                                    "is_parallel": true,
                                                                    "self": 0.00014162499999947897
                                                                },
                                                                "communicator.exchange": {
                                                                    "total": 0.1693332509999994,
                                                                    "count": 1,
                                                                    "is_parallel": true,
                                                                    "self": 0.1693332509999994
                                                                },
                                                                "steps_from_proto": {
                                                                    "total": 0.0003533400000002018,
                                                                    "count": 1,
                                                                    "is_parallel": true,
                                                                    "self": 0.00021280899999887026,
                                                                    "children": {
                                                                        "_process_vector_observation": {
                                                                            "total": 0.00014053100000133156,
                                                                            "count": 2,
                                                                            "is_parallel": true,
                                                                            "self": 0.00014053100000133156
                                                                        }
                                                                    }
                                                                }
                                                            }
                                                        }
                                                    }
                                                },
                                                "UnityEnvironment.step": {
                                                    "total": 38.53171570000002,
                                                    "count": 1247,
                                                    "is_parallel": true,
                                                    "self": 0.12059629199995214,