{
    "name": "root",
    "metadata": {
        "timer_format_version": "0.1.0",
        "start_time_seconds": "1622239980",
        "python_version": "3.7.10 (default, Feb 26 2021, 10:16:00) \n[Clang 10.0.0 ]",
        "command_line_arguments": "/opt/anaconda3/envs/ml-agents-1.0/bin/mlagents-learn ./trainer_config.yaml --run-id new_29",
        "mlagents_version": "0.16.0",
        "mlagents_envs_version": "0.16.0",
        "communication_protocol_version": "1.0.0",
        "tensorflow_version": "2.5.0",
        "end_time_seconds": "1622240018"
    },
    "total": 38.090408522999994,
    "count": 1,
    "self": 0.0011607859999926973,
    "children": {
        "run_training.setup": {
            "total": 0.010278052999999954,
            "count": 1,
            "self": 0.010278052999999954
        },
        "TrainerController.start_learning": {
            "total": 38.078969684,
            "count": 1,
            "self": 1.3381462070000225,
            "children": {
                "TrainerController._reset_env": {
                    "total": 4.660779991,
                    "count": 1,
                    "self": 4.660779991
                },
                "TrainerController.advance": {
                    "total": 31.87605550599998,
                    "count": 149,
                    "self": 0.0020534999999810566,
                    "children": {
                        "env_step": {
                            "total": 31.874002005999998,
                            "count": 149,
                            "self": 31.685729550999998,
                            "children": {
                                "SubprocessEnvManager._take_step": {
                                    "total": 0.18615734500001935,
                                    "count": 149,
                                    "self": 0.005504895000051135,
                                    "children": {
                                        "NNPolicy.evaluate": {
                                            "total": 0.1806524499999682,
                                            "count": 145,
                                            "self": 0.1806524499999682
                                        }
                                    }
                                },
                                "workers": {
                                    "total": 0.0021151099999805467,
                                    "count": 148,
                                    "self": 0.0,
                                    "children": {
                                        "worker_root": {
                                            "total": 37.00262627800002,
                                            "count": 148,
                                            "is_parallel": true,
                                            "self": 6.84469614,
                                            "children": {
                                                "run_training.setup": {
                                                    "total": 0.0,
                                                    "count": 0,
                                                    "is_parallel": true,
                                                    "self": 0.0,
                                                    "children": {
                                                        "steps_from_proto": {
                                                            "total": 0.0014713379999999887,
                                                            "count": 1,
                                                            "is_parallel": true,
                                                            "self": 0.000698697000000692,
                                                            "children": {
                                                                "_process_vector_observation": {
                                                                    "total": 0.0007726409999992967,
                                                                    "count": 2,
                                                                    "is_parallel": true,
                                                                    "self": 0.0007726409999992967
                                                                }
                                                            }
                                                        },
                                                        "UnityEnvironment.step": {
                                                            "total": 0.5981198269999997,
                                                            "count": 1,
                                                            "is_parallel": true,
                                                            "self": 0.00012181600000182868,
                                                            "children": {
                                                                "UnityEnvironment._generate_step_input": {
                                                                    "total": 0.0001851760000004532,
                                                                    "count": 1,
                                                                    "is_parallel": true,
                                                                    "self": 0.0001851760000004532
                                                                },
                                                                "communicator.exchange": {
                                                                    "total": 0.5974394609999987,
                                                                    "count": 1,
                                                                    "is_parallel": true,
                                                                    "self": 0.5974394609999987
                                                                },
                                                                "steps_from_proto": {
                                                                    "total": 0.00037337399999870513,
                                                                    "count": 1,
                                                                    "is_parallel": true,
                                                                    "self": 0.00021516499999840732,
                                                                    "children": {
                                                                        "_process_vector_observation": {
                                                                            "total": 0.0001582090000002978,
                                                                            "count": 2,
                                                                            "is_parallel": true,
                                                                            "self": 0.0001582090000002978
                                                                        }
                                                                    }
                                                                }
                                                            }
                                                        }
                                                    }
                                                },
                                                "UnityEnvironment.step": {
                                                    "total": 30.157930138000022,
                                                    "count": 147,
                                                    "is_parallel": true,
                                                    "self": 0.017888011000039228,