{
    "name": "root",
    "metadata": {
        "timer_format_version": "0.1.0",
        "start_time_seconds": "1622244263",
        "python_version": "3.7.10 (default, Feb 26 2021, 10:16:00) \n[Clang 10.0.0 ]",
        "command_line_arguments": "/opt/anaconda3/envs/ml-agents-1.0/bin/mlagents-learn ./trainer_config.yaml --run-id new_41",
        "mlagents_version": "0.16.0",
        "mlagents_envs_version": "0.16.0",
        "communication_protocol_version": "1.0.0",
        "tensorflow_version": "2.5.0",
        "end_time_seconds": "1622244274"
    },
    "total": 10.085799885,
    "count": 1,
    "self": 0.000904120999997815,
    "children": {
        "run_training.setup": {
            "total": 0.012229002000000655,
            "count": 1,
            "self": 0.012229002000000655
        },
        "TrainerController.start_learning": {
            "total": 10.072666762,
            "count": 1,
            "self": 1.308763153000001,
            "children": {
                "TrainerController._reset_env": {
                    "total": 4.549991124000001,
                    "count": 1,
                    "self": 4.549991124000001
                },
                "TrainerController.advance": {
                    "total": 4.013350772000001,
                    "count": 26,
                    "self": 0.0003343810000053793,
                    "children": {
                        "env_step": {
                            "total": 4.013016390999995,
                            "count": 26,
                            "self": 3.953942810999992,
                            "children": {
                                "SubprocessEnvManager._take_step": {
                                    "total": 0.05872211900000224,
                                    "count": 26,
                                    "self": 0.0009148090000010711,
                                    "children": {
                                        "NNPolicy.evaluate": {
                                            "total": 0.057807310000001166,
                                            "count": 26,
                                            "self": 0.057807310000001166
                                        }
                                    }
                                },
                                "workers": {
                                    "total": 0.00035146100000105207,
                                    "count": 25,
                                    "self": 0.0,
                                    "children": {
                                        "worker_root": {
                                            "total": 7.469272681999998,
                                            "count": 25,
                                            "is_parallel": true,
                                            "self": 6.761624841,
                                            "children": {
                                                "run_training.setup": {
                                                    "total": 0.0,
                                                    "count": 0,
                                                    "is_parallel": true,
                                                    "self": 0.0,
                                                    "children": {
                                                        "steps_from_proto": {
                                                            "total": 0.0034596180000008303,
                                                            "count": 1,
                                                            "is_parallel": true,
                                                            "self": 0.0012176539999995128,
                                                            "children": {
                                                                "_process_vector_observation": {
                                                                    "total": 0.0022419640000013175,
                                                                    "count": 2,
                                                                    "is_parallel": true,
                                                                    "self": 0.0022419640000013175
                                                                }
                                                            }
                                                        },
                                                        "UnityEnvironment.step": {
                                                            "total": 0.9374952009999991,
                                                            "count": 1,
                                                            "is_parallel": true,
                                                            "self": 0.00017637600000064424,
                                                            "children": {
                                                                "UnityEnvironment._generate_step_input": {
                                                                    "total": 0.00014299999999956015,
                                                                    "count": 1,
                                                                    "is_parallel": true,
                                                                    "self": 0.00014299999999956015
                                                                },
                                                                "communicator.exchange": {
                                                                    "total": 0.93650506,
                                                                    "count": 1,
                                                                    "is_parallel": true,
                                                                    "self": 0.93650506
                                                                },
                                                                "steps_from_proto": {
                                                                    "total": 0.0006707649999988519,
                                                                    "count": 1,
                                                                    "is_parallel": true,
                                                                    "self": 0.0003144529999978829,
                                                                    "children": {
                                                                        "_process_vector_observation": {
                                                                            "total": 0.00035631200000096896,
                                                                            "count": 2,
                                                                            "is_parallel": true,
                                                                            "self": 0.00035631200000096896
                                                                        }
                                                                    }
                                                                }
                                                            }
                                                        }
                                                    }
                                                },
                                                "UnityEnvironment.step": {
                                                    "total": 0.7076478409999982,
                                                    "count": 24,
                                                    "is_parallel": true,
                                                    "self": 0.002561685999994623,