{
    "name": "root",
    "metadata": {
        "timer_format_version": "0.1.0",
        "start_time_seconds": "1622240518",
        "python_version": "3.7.10 (default, Feb 26 2021, 10:16:00) \n[Clang 10.0.0 ]",
        "command_line_arguments": "/opt/anaconda3/envs/ml-agents-1.0/bin/mlagents-learn ./trainer_config.yaml --run-id new_34",
        "mlagents_version": "0.16.0",
        "mlagents_envs_version": "0.16.0",
        "communication_protocol_version": "1.0.0",
        "tensorflow_version": "2.5.0",
        "end_time_seconds": "1622240544"
    },
    "total": 25.670312862,
    "count": 1,
    "self": 0.001411835999999056,
    "children": {
        "run_training.setup": {
            "total": 0.009757390999999949,
            "count": 1,
            "self": 0.009757390999999949
        },
        "TrainerController.start_learning": {
            "total": 25.659143635,
            "count": 1,
            "self": 1.2628861770000022,
            "children": {
                "TrainerController._reset_env": {
                    "total": 5.771932769,
                    "count": 1,
                    "self": 5.771932769
                },
                "TrainerController.advance": {
                    "total": 18.422405228999995,
                    "count": 102,
                    "self": 0.0013534840000168913,
                    "children": {
                        "env_step": {
                            "total": 18.42105174499998,
                            "count": 102,
                            "self": 18.26615646999994,
                            "children": {
                                "SubprocessEnvManager._take_step": {
                                    "total": 0.15348471100002925,
                                    "count": 102,
                                    "self": 0.0035693470000204286,
                                    "children": {
                                        "NNPolicy.evaluate": {
                                            "total": 0.14991536400000882,
                                            "count": 99,
                                            "self": 0.14991536400000882
                                        }
                                    }
                                },
                                "workers": {
                                    "total": 0.0014105640000092734,
                                    "count": 101,
                                    "self": 0.0,
                                    "children": {
                                        "worker_root": {
                                            "total": 24.801056185,
                                            "count": 101,
                                            "is_parallel": true,
                                            "self": 7.2819296939999845,
                                            "children": {
                                                "run_training.setup": {
                                                    "total": 0.0,
                                                    "count": 0,
                                                    "is_parallel": true,
                                                    "self": 0.0,
                                                    "children": {
                                                        "steps_from_proto": {
                                                            "total": 0.0013936989999994154,
                                                            "count": 1,
                                                            "is_parallel": true,
                                                            "self": 0.0006376530000000713,
                                                            "children": {
                                                                "_process_vector_observation": {
                                                                    "total": 0.0007560459999993441,
                                                                    "count": 2,
                                                                    "is_parallel": true,
                                                                    "self": 0.0007560459999993441
                                                                }
                                                            }
                                                        },
                                                        "UnityEnvironment.step": {
                                                            "total": 0.08787454900000036,
                                                            "count": 1,
                                                            "is_parallel": true,
                                                            "self": 0.00011630799999906571,
                                                            "children": {
                                                                "UnityEnvironment._generate_step_input": {
                                                                    "total": 0.00013228200000092727,
                                                                    "count": 1,
                                                                    "is_parallel": true,
                                                                    "self": 0.00013228200000092727
                                                                },
                                                                "communicator.exchange": {
                                                                    "total": 0.08724411200000048,
                                                                    "count": 1,
                                                                    "is_parallel": true,
                                                                    "self": 0.08724411200000048
                                                                },
                                                                "steps_from_proto": {
                                                                    "total": 0.0003818469999998797,
                                                                    "count": 1,
                                                                    "is_parallel": true,
                                                                    "self": 0.00023404000000049052,
                                                                    "children": {
                                                                        "_process_vector_observation": {
                                                                            "total": 0.00014780699999938918,
                                                                            "count": 2,
                                                                            "is_parallel": true,
                                                                            "self": 0.00014780699999938918
                                                                        }
                                                                    }
                                                                }
                                                            }
                                                        }
                                                    }
                                                },
                                                "UnityEnvironment.step": {
                                                    "total": 17.519126491000016,
                                                    "count": 100,
                                                    "is_parallel": true,
                                                    "self": 0.011927399999983379,