{
    "name": "root",
    "metadata": {
        "timer_format_version": "0.1.0",
        "start_time_seconds": "1622064546",
        "python_version": "3.7.10 (default, Feb 26 2021, 10:16:00) \n[Clang 10.0.0 ]",
        "command_line_arguments": "/opt/anaconda3/envs/ml-agents-1.0/bin/mlagents-learn ./trainer_config.yaml --run-id new_04",
        "mlagents_version": "0.16.0",
        "mlagents_envs_version": "0.16.0",
        "communication_protocol_version": "1.0.0",
        "tensorflow_version": "2.5.0",
        "end_time_seconds": "1622064574"
    },
    "total": 27.795067349,
    "count": 1,
    "self": 0.0013750070000000392,
    "children": {
        "run_training.setup": {
            "total": 0.008772872999999848,
            "count": 1,
            "self": 0.008772872999999848
        },
        "TrainerController.start_learning": {
            "total": 27.784919469000002,
            "count": 1,
            "self": 1.319721230999992,
            "children": {
                "TrainerController._reset_env": {
                    "total": 5.610662737,
                    "count": 1,
                    "self": 5.610662737
                },
                "TrainerController.advance": {
                    "total": 20.668461091000008,
                    "count": 547,
                    "self": 0.007239711999979193,
                    "children": {
                        "env_step": {
                            "total": 20.66122137900003,
                            "count": 547,
                            "self": 20.09351174599997,
                            "children": {
                                "SubprocessEnvManager._take_step": {
                                    "total": 0.5599604379999974,
                                    "count": 547,
                                    "self": 0.017776347000001635,
                                    "children": {
                                        "NNPolicy.evaluate": {
                                            "total": 0.5421840909999958,
                                            "count": 543,
                                            "self": 0.5421840909999958
                                        }
                                    }
                                },
                                "workers": {
                                    "total": 0.00774919500006277,
                                    "count": 546,
                                    "self": 0.0,
                                    "children": {
                                        "worker_root": {
                                            "total": 27.430613155000003,
                                            "count": 546,
                                            "is_parallel": true,
                                            "self": 8.13518923900002,
                                            "children": {
                                                "run_training.setup": {
                                                    "total": 0.0,
                                                    "count": 0,
                                                    "is_parallel": true,
                                                    "self": 0.0,
                                                    "children": {
                                                        "steps_from_proto": {
                                                            "total": 0.001187852000001044,
                                                            "count": 1,
                                                            "is_parallel": true,
                                                            "self": 0.0005150890000003017,
                                                            "children": {
                                                                "_process_vector_observation": {
                                                                    "total": 0.0006727630000007423,
                                                                    "count": 2,
                                                                    "is_parallel": true,
                                                                    "self": 0.0006727630000007423
                                                                }
                                                            }
                                                        },
                                                        "UnityEnvironment.step": {
                                                            "total": 0.17169014300000107,
                                                            "count": 1,
                                                            "is_parallel": true,
                                                            "self": 0.00011038600000290444,
                                                            "children": {
                                                                "UnityEnvironment._generate_step_input": {
                                                                    "total": 0.00011095799999871758,
                                                                    "count": 1,
                                                                    "is_parallel": true,
                                                                    "self": 0.00011095799999871758
                                                                },
                                                                "communicator.exchange": {
                                                                    "total": 0.17113377799999974,
                                                                    "count": 1,
                                                                    "is_parallel": true,
                                                                    "self": 0.17113377799999974
                                                                },
                                                                "steps_from_proto": {
                                                                    "total": 0.00033502099999971335,
                                                                    "count": 1,
                                                                    "is_parallel": true,
                                                                    "self": 0.00020427899999830856,
                                                                    "children": {
                                                                        "_process_vector_observation": {
                                                                            "total": 0.0001307420000014048,
                                                                            "count": 2,
                                                                            "is_parallel": true,
                                                                            "self": 0.0001307420000014048
                                                                        }
                                                                    }
                                                                }
                                                            }
                                                        }
                                                    }
                                                },
                                                "UnityEnvironment.step": {
                                                    "total": 19.295423915999983,
                                                    "count": 545,
                                                    "is_parallel": true,
                                                    "self": 0.05700467300000156,