{
    "name": "root",
    "metadata": {
        "timer_format_version": "0.1.0",
        "start_time_seconds": "1622245820",
        "python_version": "3.7.10 (default, Feb 26 2021, 10:16:00) \n[Clang 10.0.0 ]",
        "command_line_arguments": "/opt/anaconda3/envs/ml-agents-1.0/bin/mlagents-learn ./trainer_config.yaml --run-id new_46",
        "mlagents_version": "0.16.0",
        "mlagents_envs_version": "0.16.0",
        "communication_protocol_version": "1.0.0",
        "tensorflow_version": "2.5.0",
        "end_time_seconds": "1622245864"
    },
    "total": 44.146391105,
    "count": 1,
    "self": 0.0012654949999983955,
    "children": {
        "run_training.setup": {
            "total": 0.008487471000000024,
            "count": 1,
            "self": 0.008487471000000024
        },
        "TrainerController.start_learning": {
            "total": 44.136638139,
            "count": 1,
            "self": 1.2556586799999891,
            "children": {
                "TrainerController._reset_env": {
                    "total": 5.354934301,
                    "count": 1,
                    "self": 5.354934301
                },
                "TrainerController.advance": {
                    "total": 37.328382623,
                    "count": 9,
                    "self": 0.00012137500000619639,
                    "children": {
                        "env_step": {
                            "total": 37.328261248,
                            "count": 9,
                            "self": 37.279243971999996,
                            "children": {
                                "SubprocessEnvManager._take_step": {
                                    "total": 0.04890637499999961,
                                    "count": 9,
                                    "self": 0.00033052999999760857,
                                    "children": {
                                        "NNPolicy.evaluate": {
                                            "total": 0.048575845000002005,
                                            "count": 9,
                                            "self": 0.048575845000002005
                                        }
                                    }
                                },
                                "workers": {
                                    "total": 0.00011090099999933045,
                                    "count": 8,
                                    "self": 0.0,
                                    "children": {
                                        "worker_root": {
                                            "total": 7.719897608999997,
                                            "count": 8,
                                            "is_parallel": true,
                                            "self": 7.454755817999995,
                                            "children": {
                                                "run_training.setup": {
                                                    "total": 0.0,
                                                    "count": 0,
                                                    "is_parallel": true,
                                                    "self": 0.0,
                                                    "children": {
                                                        "steps_from_proto": {
                                                            "total": 0.0012471300000012064,
                                                            "count": 1,
                                                            "is_parallel": true,
                                                            "self": 0.000554143000000451,
                                                            "children": {
                                                                "_process_vector_observation": {
                                                                    "total": 0.0006929870000007554,
                                                                    "count": 2,
                                                                    "is_parallel": true,
                                                                    "self": 0.0006929870000007554
                                                                }
                                                            }
                                                        },
                                                        "UnityEnvironment.step": {
                                                            "total": 0.899769268,
                                                            "count": 1,
                                                            "is_parallel": true,
                                                            "self": 0.00011802499999902238,
                                                            "children": {
                                                                "UnityEnvironment._generate_step_input": {
                                                                    "total": 0.0001858510000012359,
                                                                    "count": 1,
                                                                    "is_parallel": true,
                                                                    "self": 0.0001858510000012359
                                                                },
                                                                "communicator.exchange": {
                                                                    "total": 0.8991007240000002,
                                                                    "count": 1,
                                                                    "is_parallel": true,
                                                                    "self": 0.8991007240000002
                                                                },
                                                                "steps_from_proto": {
                                                                    "total": 0.00036466799999956834,
                                                                    "count": 1,
                                                                    "is_parallel": true,
                                                                    "self": 0.00023804900000001794,
                                                                    "children": {
                                                                        "_process_vector_observation": {
                                                                            "total": 0.0001266189999995504,
                                                                            "count": 2,
                                                                            "is_parallel": true,
                                                                            "self": 0.0001266189999995504
                                                                        }
                                                                    }
                                                                }
                                                            }
                                                        }
                                                    }
                                                },
                                                "UnityEnvironment.step": {
                                                    "total": 0.26514179100000135,
                                                    "count": 7,
                                                    "is_parallel": true,
                                                    "self": 0.0007546500000010781,