{
    "name": "root",
    "metadata": {
        "timer_format_version": "0.1.0",
        "start_time_seconds": "1622238165",
        "python_version": "3.7.10 (default, Feb 26 2021, 10:16:00) \n[Clang 10.0.0 ]",
        "command_line_arguments": "/opt/anaconda3/envs/ml-agents-1.0/bin/mlagents-learn ./trainer_config.yaml --run-id new_10",
        "mlagents_version": "0.16.0",
        "mlagents_envs_version": "0.16.0",
        "communication_protocol_version": "1.0.0",
        "tensorflow_version": "2.5.0",
        "end_time_seconds": "1622238187"
    },
    "total": 21.793145298000002,
    "count": 1,
    "self": 0.001385929000004893,
    "children": {
        "run_training.setup": {
            "total": 0.011303136000000436,
            "count": 1,
            "self": 0.011303136000000436
        },
        "TrainerController.start_learning": {
            "total": 21.780456233,
            "count": 1,
            "self": 1.2792289319999988,
            "children": {
                "TrainerController._reset_env": {
                    "total": 5.647732417000001,
                    "count": 1,
                    "self": 5.647732417000001
                },
                "TrainerController.advance": {
                    "total": 14.648305106999999,
                    "count": 25,
                    "self": 0.00032543299999687747,
                    "children": {
                        "env_step": {
                            "total": 14.647979674000002,
                            "count": 25,
                            "self": 14.592109213999999,
                            "children": {
                                "SubprocessEnvManager._take_step": {
                                    "total": 0.05554438999999789,
                                    "count": 25,
                                    "self": 0.0009015919999963984,
                                    "children": {
                                        "NNPolicy.evaluate": {
                                            "total": 0.05464279800000149,
                                            "count": 24,
                                            "self": 0.05464279800000149
                                        }
                                    }
                                },
                                "workers": {
                                    "total": 0.00032607000000517417,
                                    "count": 24,
                                    "self": 0.0,
                                    "children": {
                                        "worker_root": {
                                            "total": 10.167040432000007,
                                            "count": 24,
                                            "is_parallel": true,
                                            "self": 7.010694127000001,
                                            "children": {
                                                "run_training.setup": {
                                                    "total": 0.0,
                                                    "count": 0,
                                                    "is_parallel": true,
                                                    "self": 0.0,
                                                    "children": {
                                                        "steps_from_proto": {
                                                            "total": 0.0036330800000001773,
                                                            "count": 1,
                                                            "is_parallel": true,
                                                            "self": 0.0012248850000009526,
                                                            "children": {
                                                                "_process_vector_observation": {
                                                                    "total": 0.0024081949999992247,
                                                                    "count": 2,
                                                                    "is_parallel": true,
                                                                    "self": 0.0024081949999992247
                                                                }
                                                            }
                                                        },
                                                        "UnityEnvironment.step": {
                                                            "total": 0.11984965799999969,
                                                            "count": 1,
                                                            "is_parallel": true,
                                                            "self": 0.00012562199999877066,
                                                            "children": {
                                                                "UnityEnvironment._generate_step_input": {
                                                                    "total": 0.00015416799999989905,
                                                                    "count": 1,
                                                                    "is_parallel": true,
                                                                    "self": 0.00015416799999989905
                                                                },
                                                                "communicator.exchange": {
                                                                    "total": 0.11911737900000041,
                                                                    "count": 1,
                                                                    "is_parallel": true,
                                                                    "self": 0.11911737900000041
                                                                },
                                                                "steps_from_proto": {
                                                                    "total": 0.000452489000000611,
                                                                    "count": 1,
                                                                    "is_parallel": true,
                                                                    "self": 0.0002991410000010575,
                                                                    "children": {
                                                                        "_process_vector_observation": {
                                                                            "total": 0.0001533479999995535,
                                                                            "count": 2,
                                                                            "is_parallel": true,
                                                                            "self": 0.0001533479999995535
                                                                        }
                                                                    }
                                                                }
                                                            }
                                                        }
                                                    }
                                                },
                                                "UnityEnvironment.step": {
                                                    "total": 3.1563463050000067,
                                                    "count": 23,
                                                    "is_parallel": true,
                                                    "self": 0.0026260810000078294,