{
    "name": "root",
    "metadata": {
        "timer_format_version": "0.1.0",
        "start_time_seconds": "1622064879",
        "python_version": "3.7.10 (default, Feb 26 2021, 10:16:00) \n[Clang 10.0.0 ]",
        "command_line_arguments": "/opt/anaconda3/envs/ml-agents-1.0/bin/mlagents-learn ./trainer_config.yaml --run-id new_06",
        "mlagents_version": "0.16.0",
        "mlagents_envs_version": "0.16.0",
        "communication_protocol_version": "1.0.0",
        "tensorflow_version": "2.5.0",
        "end_time_seconds": "1622064897"
    },
    "total": 17.144025228999997,
    "count": 1,
    "self": 0.0011054889999932982,
    "children": {
        "run_training.setup": {
            "total": 0.00857470299999985,
            "count": 1,
            "self": 0.00857470299999985
        },
        "TrainerController.start_learning": {
            "total": 17.134345037000003,
            "count": 1,
            "self": 1.2540616109999991,
            "children": {
                "TrainerController._reset_env": {
                    "total": 3.2744056870000002,
                    "count": 1,
                    "self": 3.2744056870000002
                },
                "TrainerController.advance": {
                    "total": 12.411883540000002,
                    "count": 63,
                    "self": 0.0009092790000018169,
                    "children": {
                        "env_step": {
                            "total": 12.410974261,
                            "count": 63,
                            "self": 12.31709286900001,
                            "children": {
                                "SubprocessEnvManager._take_step": {
                                    "total": 0.09300989300000051,
                                    "count": 63,
                                    "self": 0.0021294160000042694,
                                    "children": {
                                        "NNPolicy.evaluate": {
                                            "total": 0.09088047699999624,
                                            "count": 61,
                                            "self": 0.09088047699999624
                                        }
                                    }
                                },
                                "workers": {
                                    "total": 0.0008714989999880629,
                                    "count": 62,
                                    "self": 0.0,
                                    "children": {
                                        "worker_root": {
                                            "total": 14.810978104999988,
                                            "count": 62,
                                            "is_parallel": true,
                                            "self": 5.484786395999992,
                                            "children": {
                                                "run_training.setup": {
                                                    "total": 0.0,
                                                    "count": 0,
                                                    "is_parallel": true,
                                                    "self": 0.0,
                                                    "children": {
                                                        "steps_from_proto": {
                                                            "total": 0.001223441999999686,
                                                            "count": 1,
                                                            "is_parallel": true,
                                                            "self": 0.0005515790000005794,
                                                            "children": {
                                                                "_process_vector_observation": {
                                                                    "total": 0.0006718629999991066,
                                                                    "count": 2,
                                                                    "is_parallel": true,
                                                                    "self": 0.0006718629999991066
                                                                }
                                                            }
                                                        },
                                                        "UnityEnvironment.step": {
                                                            "total": 0.9117711640000001,
                                                            "count": 1,
                                                            "is_parallel": true,
                                                            "self": 0.00012820300000182527,
                                                            "children": {
                                                                "UnityEnvironment._generate_step_input": {
                                                                    "total": 0.00013047799999998944,
                                                                    "count": 1,
                                                                    "is_parallel": true,
                                                                    "self": 0.00013047799999998944
                                                                },
                                                                "communicator.exchange": {
                                                                    "total": 0.9111242439999989,
                                                                    "count": 1,
                                                                    "is_parallel": true,
                                                                    "self": 0.9111242439999989
                                                                },
                                                                "steps_from_proto": {
                                                                    "total": 0.0003882389999994018,
                                                                    "count": 1,
                                                                    "is_parallel": true,
                                                                    "self": 0.0002510989999997548,
                                                                    "children": {
                                                                        "_process_vector_observation": {
                                                                            "total": 0.000137139999999647,
                                                                            "count": 2,
                                                                            "is_parallel": true,
                                                                            "self": 0.000137139999999647
                                                                        }
                                                                    }
                                                                }
                                                            }
                                                        }
                                                    }
                                                },
                                                "UnityEnvironment.step": {
                                                    "total": 9.326191708999996,
                                                    "count": 61,
                                                    "is_parallel": true,
                                                    "self": 0.006370636999982082,