{
    "name": "root",
    "metadata": {
        "timer_format_version": "0.1.0",
        "start_time_seconds": "1622240456",
        "python_version": "3.7.10 (default, Feb 26 2021, 10:16:00) \n[Clang 10.0.0 ]",
        "command_line_arguments": "/opt/anaconda3/envs/ml-agents-1.0/bin/mlagents-learn ./trainer_config.yaml --run-id new_33",
        "mlagents_version": "0.16.0",
        "mlagents_envs_version": "0.16.0",
        "communication_protocol_version": "1.0.0",
        "tensorflow_version": "2.5.0",
        "end_time_seconds": "1622240483"
    },
    "total": 26.625548455,
    "count": 1,
    "self": 0.0013610499999998638,
    "children": {
        "run_training.setup": {
            "total": 0.009745192000000014,
            "count": 1,
            "self": 0.009745192000000014
        },
        "TrainerController.start_learning": {
            "total": 26.614442213,
            "count": 1,
            "self": 1.2624611060000142,
            "children": {
                "TrainerController._reset_env": {
                    "total": 5.35542006,
                    "count": 1,
                    "self": 5.35542006
                },
                "TrainerController.advance": {
                    "total": 19.795363340999987,
                    "count": 99,
                    "self": 0.0013044509999957654,
                    "children": {
                        "env_step": {
                            "total": 19.79405888999999,
                            "count": 99,
                            "self": 19.66038729499998,
                            "children": {
                                "SubprocessEnvManager._take_step": {
                                    "total": 0.1322930320000033,
                                    "count": 99,
                                    "self": 0.003555252999975167,
                                    "children": {
                                        "NNPolicy.evaluate": {
                                            "total": 0.12873777900002814,
                                            "count": 95,
                                            "self": 0.12873777900002814
                                        }
                                    }
                                },
                                "workers": {
                                    "total": 0.0013785630000100468,
                                    "count": 98,
                                    "self": 0.0,
                                    "children": {
                                        "worker_root": {
                                            "total": 24.270276246999998,
                                            "count": 98,
                                            "is_parallel": true,
                                            "self": 6.802670165000009,
                                            "children": {
                                                "run_training.setup": {
                                                    "total": 0.0,
                                                    "count": 0,
                                                    "is_parallel": true,
                                                    "self": 0.0,
                                                    "children": {
                                                        "steps_from_proto": {
                                                            "total": 0.001315929999998744,
                                                            "count": 1,
                                                            "is_parallel": true,
                                                            "self": 0.0005638089999990825,
                                                            "children": {
                                                                "_process_vector_observation": {
                                                                    "total": 0.0007521209999996614,
                                                                    "count": 2,
                                                                    "is_parallel": true,
                                                                    "self": 0.0007521209999996614
                                                                }
                                                            }
                                                        },
                                                        "UnityEnvironment.step": {
                                                            "total": 0.061242649000000426,
                                                            "count": 1,
                                                            "is_parallel": true,
                                                            "self": 0.0001188380000005651,
                                                            "children": {
                                                                "UnityEnvironment._generate_step_input": {
                                                                    "total": 0.0001661300000002086,
                                                                    "count": 1,
                                                                    "is_parallel": true,
                                                                    "self": 0.0001661300000002086
                                                                },
                                                                "communicator.exchange": {
                                                                    "total": 0.06062737799999951,
                                                                    "count": 1,
                                                                    "is_parallel": true,
                                                                    "self": 0.06062737799999951
                                                                },
                                                                "steps_from_proto": {
                                                                    "total": 0.0003303030000001428,
                                                                    "count": 1,
                                                                    "is_parallel": true,
                                                                    "self": 0.00019820199999998067,
                                                                    "children": {
                                                                        "_process_vector_observation": {
                                                                            "total": 0.00013210100000016212,
                                                                            "count": 2,
                                                                            "is_parallel": true,
                                                                            "self": 0.00013210100000016212
                                                                        }
                                                                    }
                                                                }
                                                            }
                                                        }
                                                    }
                                                },
                                                "UnityEnvironment.step": {
                                                    "total": 17.46760608199999,
                                                    "count": 97,
                                                    "is_parallel": true,
                                                    "self": 0.011342222000010338,