{
    "name": "root",
    "metadata": {
        "timer_format_version": "0.1.0",
        "start_time_seconds": "1622238275",
        "python_version": "3.7.10 (default, Feb 26 2021, 10:16:00) \n[Clang 10.0.0 ]",
        "command_line_arguments": "/opt/anaconda3/envs/ml-agents-1.0/bin/mlagents-learn ./trainer_config.yaml --run-id new_11",
        "mlagents_version": "0.16.0",
        "mlagents_envs_version": "0.16.0",
        "communication_protocol_version": "1.0.0",
        "tensorflow_version": "2.5.0",
        "end_time_seconds": "1622238345"
    },
    "total": 70.18316815,
    "count": 1,
    "self": 0.001444821999996293,
    "children": {
        "run_training.setup": {
            "total": 0.011039273999999821,
            "count": 1,
            "self": 0.011039273999999821
        },
        "TrainerController.start_learning": {
            "total": 70.170684054,
            "count": 1,
            "self": 1.2536872700000004,
            "children": {
                "TrainerController._reset_env": {
                    "total": 4.960588753000001,
                    "count": 1,
                    "self": 4.960588753000001
                },
                "TrainerController.advance": {
                    "total": 63.95640803100001,
                    "count": 26,
                    "self": 0.0003596100000180513,
                    "children": {
                        "env_step": {
                            "total": 63.95604842099999,
                            "count": 26,
                            "self": 63.897204937999994,
                            "children": {
                                "SubprocessEnvManager._take_step": {
                                    "total": 0.05847269800000099,
                                    "count": 26,
                                    "self": 0.0008586729999997544,
                                    "children": {
                                        "NNPolicy.evaluate": {
                                            "total": 0.057614025000001234,
                                            "count": 25,
                                            "self": 0.057614025000001234
                                        }
                                    }
                                },
                                "workers": {
                                    "total": 0.0003707849999941004,
                                    "count": 25,
                                    "self": 0.0,
                                    "children": {
                                        "worker_root": {
                                            "total": 10.077079307999995,
                                            "count": 25,
                                            "is_parallel": true,
                                            "self": 7.1584531139999985,
                                            "children": {
                                                "run_training.setup": {
                                                    "total": 0.0,
                                                    "count": 0,
                                                    "is_parallel": true,
                                                    "self": 0.0,
                                                    "children": {
                                                        "steps_from_proto": {
                                                            "total": 0.0013684880000006672,
                                                            "count": 1,
                                                            "is_parallel": true,
                                                            "self": 0.0006263799999999264,
                                                            "children": {
                                                                "_process_vector_observation": {
                                                                    "total": 0.0007421080000007407,
                                                                    "count": 2,
                                                                    "is_parallel": true,
                                                                    "self": 0.0007421080000007407
                                                                }
                                                            }
                                                        },
                                                        "UnityEnvironment.step": {
                                                            "total": 0.9474613779999999,
                                                            "count": 1,
                                                            "is_parallel": true,
                                                            "self": 0.0001621610000004381,
                                                            "children": {
                                                                "UnityEnvironment._generate_step_input": {
                                                                    "total": 0.00014001699999965922,
                                                                    "count": 1,
                                                                    "is_parallel": true,
                                                                    "self": 0.00014001699999965922
                                                                },
                                                                "communicator.exchange": {
                                                                    "total": 0.9468079629999995,
                                                                    "count": 1,
                                                                    "is_parallel": true,
                                                                    "self": 0.9468079629999995
                                                                },
                                                                "steps_from_proto": {
                                                                    "total": 0.0003512370000002818,
                                                                    "count": 1,
                                                                    "is_parallel": true,
                                                                    "self": 0.0002168869999987777,
                                                                    "children": {
                                                                        "_process_vector_observation": {
                                                                            "total": 0.0001343500000015041,
                                                                            "count": 2,
                                                                            "is_parallel": true,
                                                                            "self": 0.0001343500000015041
                                                                        }
                                                                    }
                                                                }
                                                            }
                                                        }
                                                    }
                                                },
                                                "UnityEnvironment.step": {
                                                    "total": 2.9186261939999962,
                                                    "count": 24,
                                                    "is_parallel": true,
                                                    "self": 0.00274322900000179,