Steps,Policy/Entropy,Policy/Extrinsic Value Estimate,Environment/Episode Length,Environment/Cumulative Reward,Policy/Extrinsic Reward,Is Training
10000,0.5271905,-51.63334,132.36,55.33783783783784,55.33783783783784,1.0
20000,0.52537745,-51.67273,132.33333333333334,57.626666666666665,57.626666666666665,1.0
