{
    "name": "root",
    "metadata": {
        "timer_format_version": "0.1.0",
        "start_time_seconds": "1622244677",
        "python_version": "3.7.10 (default, Feb 26 2021, 10:16:00) \n[Clang 10.0.0 ]",
        "command_line_arguments": "/opt/anaconda3/envs/ml-agents-1.0/bin/mlagents-learn ./trainer_config.yaml --run-id new_44",
        "mlagents_version": "0.16.0",
        "mlagents_envs_version": "0.16.0",
        "communication_protocol_version": "1.0.0",
        "tensorflow_version": "2.5.0",
        "end_time_seconds": "1622244706"
    },
    "total": 29.792221071999997,
    "count": 1,
    "self": 0.001344378999998952,
    "children": {
        "run_training.setup": {
            "total": 0.010259923999999643,
            "count": 1,
            "self": 0.010259923999999643
        },
        "TrainerController.start_learning": {
            "total": 29.780616768999998,
            "count": 1,
            "self": 1.3155459779999958,
            "children": {
                "TrainerController._reset_env": {
                    "total": 5.2063995620000005,
                    "count": 1,
                    "self": 5.2063995620000005
                },
                "TrainerController.advance": {
                    "total": 23.061059948,
                    "count": 89,
                    "self": 0.0011754209999921272,
                    "children": {
                        "env_step": {
                            "total": 23.05988452700001,
                            "count": 89,
                            "self": 22.93130753100002,
                            "children": {
                                "SubprocessEnvManager._take_step": {
                                    "total": 0.1273136019999903,
                                    "count": 89,
                                    "self": 0.0030682729999913505,
                                    "children": {
                                        "NNPolicy.evaluate": {
                                            "total": 0.12424532899999896,
                                            "count": 87,
                                            "self": 0.12424532899999896
                                        }
                                    }
                                },
                                "workers": {
                                    "total": 0.001263393999998641,
                                    "count": 88,
                                    "self": 0.0,
                                    "children": {
                                        "worker_root": {
                                            "total": 12.435026391000013,
                                            "count": 88,
                                            "is_parallel": true,
                                            "self": 6.706374826000012,
                                            "children": {
                                                "run_training.setup": {
                                                    "total": 0.0,
                                                    "count": 0,
                                                    "is_parallel": true,
                                                    "self": 0.0,
                                                    "children": {
                                                        "steps_from_proto": {
                                                            "total": 0.0015134100000011586,
                                                            "count": 1,
                                                            "is_parallel": true,
                                                            "self": 0.000652848000001427,
                                                            "children": {
                                                                "_process_vector_observation": {
                                                                    "total": 0.0008605619999997316,
                                                                    "count": 2,
                                                                    "is_parallel": true,
                                                                    "self": 0.0008605619999997316
                                                                }
                                                            }
                                                        },
                                                        "UnityEnvironment.step": {
                                                            "total": 0.07314711699999954,
                                                            "count": 1,
                                                            "is_parallel": true,
                                                            "self": 0.0001320359999983367,
                                                            "children": {
                                                                "UnityEnvironment._generate_step_input": {
                                                                    "total": 0.00013245499999925414,
                                                                    "count": 1,
                                                                    "is_parallel": true,
                                                                    "self": 0.00013245499999925414
                                                                },
                                                                "communicator.exchange": {
                                                                    "total": 0.07252395300000103,
                                                                    "count": 1,
                                                                    "is_parallel": true,
                                                                    "self": 0.07252395300000103
                                                                },
                                                                "steps_from_proto": {
                                                                    "total": 0.00035867300000091973,
                                                                    "count": 1,
                                                                    "is_parallel": true,
                                                                    "self": 0.00022770200000010732,
                                                                    "children": {
                                                                        "_process_vector_observation": {
                                                                            "total": 0.0001309710000008124,
                                                                            "count": 2,
                                                                            "is_parallel": true,
                                                                            "self": 0.0001309710000008124
                                                                        }
                                                                    }
                                                                }
                                                            }
                                                        }
                                                    }
                                                },
                                                "UnityEnvironment.step": {
                                                    "total": 5.728651565000002,
                                                    "count": 87,
                                                    "is_parallel": true,
                                                    "self": 0.009375766999998092,