{
    "name": "root",
    "metadata": {
        "timer_format_version": "0.1.0",
        "start_time_seconds": "1622239357",
        "python_version": "3.7.10 (default, Feb 26 2021, 10:16:00) \n[Clang 10.0.0 ]",
        "command_line_arguments": "/opt/anaconda3/envs/ml-agents-1.0/bin/mlagents-learn ./trainer_config.yaml --run-id new_23",
        "mlagents_version": "0.16.0",
        "mlagents_envs_version": "0.16.0",
        "communication_protocol_version": "1.0.0",
        "tensorflow_version": "2.5.0",
        "end_time_seconds": "1622239370"
    },
    "total": 12.199235082000001,
    "count": 1,
    "self": 0.0013974770000029224,
    "children": {
        "run_training.setup": {
            "total": 0.010283914000000394,
            "count": 1,
            "self": 0.010283914000000394
        },
        "TrainerController.start_learning": {
            "total": 12.187553690999998,
            "count": 1,
            "self": 1.3118442489999929,
            "children": {
                "TrainerController._reset_env": {
                    "total": 5.2848924219999995,
                    "count": 1,
                    "self": 5.2848924219999995
                },
                "TrainerController.advance": {
                    "total": 5.387925306000001,
                    "count": 26,
                    "self": 0.0003347960000041894,
                    "children": {
                        "env_step": {
                            "total": 5.387590509999997,
                            "count": 26,
                            "self": 5.325459618999993,
                            "children": {
                                "SubprocessEnvManager._take_step": {
                                    "total": 0.061757214000005334,
                                    "count": 26,
                                    "self": 0.000898297000007986,
                                    "children": {
                                        "NNPolicy.evaluate": {
                                            "total": 0.06085891699999735,
                                            "count": 25,
                                            "self": 0.06085891699999735
                                        }
                                    }
                                },
                                "workers": {
                                    "total": 0.00037367699999890647,
                                    "count": 25,
                                    "self": 0.0,
                                    "children": {
                                        "worker_root": {
                                            "total": 11.313661590999999,
                                            "count": 25,
                                            "is_parallel": true,
                                            "self": 7.489657273000004,
                                            "children": {
                                                "run_training.setup": {
                                                    "total": 0.0,
                                                    "count": 0,
                                                    "is_parallel": true,
                                                    "self": 0.0,
                                                    "children": {
                                                        "steps_from_proto": {
                                                            "total": 0.001578555000000037,
                                                            "count": 1,
                                                            "is_parallel": true,
                                                            "self": 0.0007212470000013127,
                                                            "children": {
                                                                "_process_vector_observation": {
                                                                    "total": 0.0008573079999987243,
                                                                    "count": 2,
                                                                    "is_parallel": true,
                                                                    "self": 0.0008573079999987243
                                                                }
                                                            }
                                                        },
                                                        "UnityEnvironment.step": {
                                                            "total": 0.9259308609999994,
                                                            "count": 1,
                                                            "is_parallel": true,
                                                            "self": 0.00012518299999797478,
                                                            "children": {
                                                                "UnityEnvironment._generate_step_input": {
                                                                    "total": 0.00021172800000002212,
                                                                    "count": 1,
                                                                    "is_parallel": true,
                                                                    "self": 0.00021172800000002212
                                                                },
                                                                "communicator.exchange": {
                                                                    "total": 0.9252493620000006,
                                                                    "count": 1,
                                                                    "is_parallel": true,
                                                                    "self": 0.9252493620000006
                                                                },
                                                                "steps_from_proto": {
                                                                    "total": 0.0003445880000008117,
                                                                    "count": 1,
                                                                    "is_parallel": true,
                                                                    "self": 0.00021558400000110112,
                                                                    "children": {
                                                                        "_process_vector_observation": {
                                                                            "total": 0.00012900399999971057,
                                                                            "count": 2,
                                                                            "is_parallel": true,
                                                                            "self": 0.00012900399999971057
                                                                        }
                                                                    }
                                                                }
                                                            }
                                                        }
                                                    }
                                                },
                                                "UnityEnvironment.step": {
                                                    "total": 3.8240043179999947,
                                                    "count": 24,
                                                    "is_parallel": true,
                                                    "self": 0.0024887560000070863,