{
    "name": "root",
    "metadata": {
        "timer_format_version": "0.1.0",
        "start_time_seconds": "1622062948",
        "python_version": "3.7.10 (default, Feb 26 2021, 10:16:00) \n[Clang 10.0.0 ]",
        "command_line_arguments": "/opt/anaconda3/envs/ml-agents-1.0/bin/mlagents-learn ./trainer_config.yaml --run-id new_101",
        "mlagents_version": "0.16.0",
        "mlagents_envs_version": "0.16.0",
        "communication_protocol_version": "1.0.0",
        "tensorflow_version": "2.5.0",
        "end_time_seconds": "1622062997"
    },
    "total": 48.681238750999995,
    "count": 1,
    "self": 0.0007913139999971008,
    "children": {
        "run_training.setup": {
            "total": 0.007877396000000036,
            "count": 1,
            "self": 0.007877396000000036
        },
        "TrainerController.start_learning": {
            "total": 48.672570041,
            "count": 1,
            "self": 1.281105858999993,
            "children": {
                "TrainerController._reset_env": {
                    "total": 28.539970037,
                    "count": 1,
                    "self": 28.539970037
                },
                "TrainerController.advance": {
                    "total": 18.666980768000002,
                    "count": 508,
                    "self": 0.006455644999959986,
                    "children": {
                        "env_step": {
                            "total": 18.660525123000042,
                            "count": 508,
                            "self": 18.139293792000096,
                            "children": {
                                "SubprocessEnvManager._take_step": {
                                    "total": 0.5141295349999808,
                                    "count": 508,
                                    "self": 0.016715606999937904,
                                    "children": {
                                        "NNPolicy.evaluate": {
                                            "total": 0.4974139280000429,
                                            "count": 505,
                                            "self": 0.4974139280000429
                                        }
                                    }
                                },
                                "workers": {
                                    "total": 0.007101795999965077,
                                    "count": 507,
                                    "self": 0.0,
                                    "children": {
                                        "worker_root": {
                                            "total": 48.31080147799992,
                                            "count": 507,
                                            "is_parallel": true,
                                            "self": 30.886630172999872,
                                            "children": {
                                                "run_training.setup": {
                                                    "total": 0.0,
                                                    "count": 0,
                                                    "is_parallel": true,
                                                    "self": 0.0,
                                                    "children": {
                                                        "steps_from_proto": {
                                                            "total": 0.0012038499999995622,
                                                            "count": 1,
                                                            "is_parallel": true,
                                                            "self": 0.0005274529999965694,
                                                            "children": {
                                                                "_process_vector_observation": {
                                                                    "total": 0.0006763970000029929,
                                                                    "count": 2,
                                                                    "is_parallel": true,
                                                                    "self": 0.0006763970000029929
                                                                }
                                                            }
                                                        },
                                                        "UnityEnvironment.step": {
                                                            "total": 0.13118347199999647,
                                                            "count": 1,
                                                            "is_parallel": true,
                                                            "self": 0.000143746999995642,
                                                            "children": {
                                                                "UnityEnvironment._generate_step_input": {
                                                                    "total": 0.0001529070000003685,
                                                                    "count": 1,
                                                                    "is_parallel": true,
                                                                    "self": 0.0001529070000003685
                                                                },
                                                                "communicator.exchange": {
                                                                    "total": 0.1305287039999996,
                                                                    "count": 1,
                                                                    "is_parallel": true,
                                                                    "self": 0.1305287039999996
                                                                },
                                                                "steps_from_proto": {
                                                                    "total": 0.00035811400000085314,
                                                                    "count": 1,
                                                                    "is_parallel": true,
                                                                    "self": 0.00022083100000713785,
                                                                    "children": {
                                                                        "_process_vector_observation": {
                                                                            "total": 0.0001372829999937153,
                                                                            "count": 2,
                                                                            "is_parallel": true,
                                                                            "self": 0.0001372829999937153
                                                                        }
                                                                    }
                                                                }
                                                            }
                                                        }
                                                    }
                                                },
                                                "UnityEnvironment.step": {
                                                    "total": 17.424171305000044,
                                                    "count": 506,
                                                    "is_parallel": true,
                                                    "self": 0.05075584699996938,