{
    "name": "root",
    "metadata": {
        "timer_format_version": "0.1.0",
        "start_time_seconds": "1622240105",
        "python_version": "3.7.10 (default, Feb 26 2021, 10:16:00) \n[Clang 10.0.0 ]",
        "command_line_arguments": "/opt/anaconda3/envs/ml-agents-1.0/bin/mlagents-learn ./trainer_config.yaml --run-id new_30",
        "mlagents_version": "0.16.0",
        "mlagents_envs_version": "0.16.0",
        "communication_protocol_version": "1.0.0",
        "tensorflow_version": "2.5.0",
        "end_time_seconds": "1622240120"
    },
    "total": 14.949898079,
    "count": 1,
    "self": 0.0011975819999996418,
    "children": {
        "run_training.setup": {
            "total": 0.010125421000000578,
            "count": 1,
            "self": 0.010125421000000578
        },
        "TrainerController.start_learning": {
            "total": 14.938575076000001,
            "count": 1,
            "self": 1.2483753500000017,
            "children": {
                "TrainerController._reset_env": {
                    "total": 4.9147189550000006,
                    "count": 1,
                    "self": 4.9147189550000006
                },
                "TrainerController.advance": {
                    "total": 8.58023567,
                    "count": 1,
                    "self": 1.6147000000188427e-05,
                    "children": {
                        "env_step": {
                            "total": 8.580219523,
                            "count": 1,
                            "self": 8.540762968,
                            "children": {
                                "SubprocessEnvManager._take_step": {
                                    "total": 0.039456555000001,
                                    "count": 1,
                                    "self": 4.405700000020829e-05,
                                    "children": {
                                        "NNPolicy.evaluate": {
                                            "total": 0.039412498000000795,
                                            "count": 1,
                                            "self": 0.039412498000000795
                                        }
                                    }
                                }
                            }
                        }
                    }
                },
                "trainer_threads": {
                    "total": 2.9226999998854808e-05,
                    "count": 1,
                    "self": 2.9226999998854808e-05,
                    "children": {
                        "thread_root": {
                            "total": 0.0,
                            "count": 0,
                            "is_parallel": true,
                            "self": 0.0,
                            "children": {
                                "trainer_advance": {
                                    "total": 8.135612869000003,
                                    "count": 44777,
                                    "is_parallel": true,
                                    "self": 1.1563434040000224,
                                    "children": {
                                        "process_trajectory": {
                                            "total": 6.97926946499998,
                                            "count": 44777,
                                            "is_parallel": true,
                                            "self": 6.97926946499998
                                        }
                                    }
                                }
                            }
                        }
                    }
                },
                "TrainerController._save_model": {
                    "total": 0.19521587399999873,
                    "count": 1,
                    "self": 0.19521587399999873
                }
            }
        }
    }
}