{
    "name": "root",
    "metadata": {
        "timer_format_version": "0.1.0",
        "start_time_seconds": "1622058177",
        "python_version": "3.7.10 (default, Feb 26 2021, 10:16:00) \n[Clang 10.0.0 ]",
        "command_line_arguments": "/opt/anaconda3/envs/ml-agents-1.0/bin/mlagents-learn ./trainer_config.yaml --run-id new_53",
        "mlagents_version": "0.16.0",
        "mlagents_envs_version": "0.16.0",
        "communication_protocol_version": "1.0.0",
        "tensorflow_version": "2.5.0",
        "end_time_seconds": "1622058698"
    },
    "total": 521.294489746,
    "count": 1,
    "self": 0.0007348489999685626,
    "children": {
        "run_training.setup": {
            "total": 0.010531972999999972,
            "count": 1,
            "self": 0.010531972999999972
        },
        "TrainerController.start_learning": {
            "total": 521.283222924,
            "count": 1,
            "self": 1.7427735310014896,
            "children": {
                "TrainerController._reset_env": {
                    "total": 4.900315507999999,
                    "count": 1,
                    "self": 4.900315507999999
                },
                "TrainerController.advance": {
                    "total": 514.4276353249986,
                    "count": 1573,
                    "self": 0.0204605949982124,
                    "children": {
                        "env_step": {
                            "total": 514.4071747300004,
                            "count": 1573,
                            "self": 512.8594603219985,
                            "children": {
                                "SubprocessEnvManager._take_step": {
                                    "total": 1.5248370290003326,
                                    "count": 1573,
                                    "self": 0.0513569049989826,
                                    "children": {
                                        "NNPolicy.evaluate": {
                                            "total": 1.47348012400135,
                                            "count": 1516,
                                            "self": 1.47348012400135
                                        }
                                    }
                                },
                                "workers": {
                                    "total": 0.022877379001485565,
                                    "count": 1572,
                                    "self": 0.0,
                                    "children": {
                                        "worker_root": {
                                            "total": 519.9296271130015,
                                            "count": 1572,
                                            "is_parallel": true,
                                            "self": 9.912522721001949,
                                            "children": {
                                                "run_training.setup": {
                                                    "total": 0.0,
                                                    "count": 0,
                                                    "is_parallel": true,
                                                    "self": 0.0,
                                                    "children": {
                                                        "steps_from_proto": {
                                                            "total": 0.0012210479999996693,
                                                            "count": 1,
                                                            "is_parallel": true,
                                                            "self": 0.0005504919999985702,
                                                            "children": {
                                                                "_process_vector_observation": {
                                                                    "total": 0.000670556000001099,
                                                                    "count": 2,
                                                                    "is_parallel": true,
                                                                    "self": 0.000670556000001099
                                                                }
                                                            }
                                                        },
                                                        "UnityEnvironment.step": {
                                                            "total": 0.0771098539999997,
                                                            "count": 1,
                                                            "is_parallel": true,
                                                            "self": 0.00011871600000112892,
                                                            "children": {
                                                                "UnityEnvironment._generate_step_input": {
                                                                    "total": 0.00014064400000002308,
                                                                    "count": 1,
                                                                    "is_parallel": true,
                                                                    "self": 0.00014064400000002308
                                                                },
                                                                "communicator.exchange": {
                                                                    "total": 0.07650434500000003,
                                                                    "count": 1,
                                                                    "is_parallel": true,
                                                                    "self": 0.07650434500000003
                                                                },
                                                                "steps_from_proto": {
                                                                    "total": 0.000346148999998519,
                                                                    "count": 1,
                                                                    "is_parallel": true,
                                                                    "self": 0.00021146499999957769,
                                                                    "children": {
                                                                        "_process_vector_observation": {
                                                                            "total": 0.00013468399999894132,
                                                                            "count": 2,
                                                                            "is_parallel": true,
                                                                            "self": 0.00013468399999894132
                                                                        }
                                                                    }
                                                                }
                                                            }
                                                        }
                                                    }
                                                },
                                                "UnityEnvironment.step": {
                                                    "total": 510.01710439199957,
                                                    "count": 1571,
                                                    "is_parallel": true,
                                                    "self": 0.16643736200296644,