{
    "name": "root",
    "metadata": {
        "timer_format_version": "0.1.0",
        "start_time_seconds": "1622240758",
        "python_version": "3.7.10 (default, Feb 26 2021, 10:16:00) \n[Clang 10.0.0 ]",
        "command_line_arguments": "/opt/anaconda3/envs/ml-agents-1.0/bin/mlagents-learn ./trainer_config.yaml --run-id new_38",
        "mlagents_version": "0.16.0",
        "mlagents_envs_version": "0.16.0",
        "communication_protocol_version": "1.0.0",
        "tensorflow_version": "2.5.0",
        "end_time_seconds": "1622240785"
    },
    "total": 26.882728524999997,
    "count": 1,
    "self": 0.0009815709999969613,
    "children": {
        "run_training.setup": {
            "total": 0.010066633000000103,
            "count": 1,
            "self": 0.010066633000000103
        },
        "TrainerController.start_learning": {
            "total": 26.871680321,
            "count": 1,
            "self": 1.4195137220000262,
            "children": {
                "TrainerController._reset_env": {
                    "total": 5.198403563000001,
                    "count": 1,
                    "self": 5.198403563000001
                },
                "TrainerController.advance": {
                    "total": 20.05713874299997,
                    "count": 479,
                    "self": 0.006570908999901093,
                    "children": {
                        "env_step": {
                            "total": 20.05056783400007,
                            "count": 479,
                            "self": 19.508006025000057,
                            "children": {
                                "SubprocessEnvManager._take_step": {
                                    "total": 0.5350213069999921,
                                    "count": 479,
                                    "self": 0.017300973999978098,
                                    "children": {
                                        "NNPolicy.evaluate": {
                                            "total": 0.517720333000014,
                                            "count": 475,
                                            "self": 0.517720333000014
                                        }
                                    }
                                },
                                "workers": {
                                    "total": 0.007540502000020766,
                                    "count": 478,
                                    "self": 0.0,
                                    "children": {
                                        "worker_root": {
                                            "total": 26.513963708999995,
                                            "count": 478,
                                            "is_parallel": true,
                                            "self": 8.526346596000025,
                                            "children": {
                                                "run_training.setup": {
                                                    "total": 0.0,
                                                    "count": 0,
                                                    "is_parallel": true,
                                                    "self": 0.0,
                                                    "children": {
                                                        "steps_from_proto": {
                                                            "total": 0.0013675820000003114,
                                                            "count": 1,
                                                            "is_parallel": true,
                                                            "self": 0.0006074229999999403,
                                                            "children": {
                                                                "_process_vector_observation": {
                                                                    "total": 0.0007601590000003711,
                                                                    "count": 2,
                                                                    "is_parallel": true,
                                                                    "self": 0.0007601590000003711
                                                                }
                                                            }
                                                        },
                                                        "UnityEnvironment.step": {
                                                            "total": 0.920536577,
                                                            "count": 1,
                                                            "is_parallel": true,
                                                            "self": 0.00011946899999948357,
                                                            "children": {
                                                                "UnityEnvironment._generate_step_input": {
                                                                    "total": 0.00012436000000093372,
                                                                    "count": 1,
                                                                    "is_parallel": true,
                                                                    "self": 0.00012436000000093372
                                                                },
                                                                "communicator.exchange": {
                                                                    "total": 0.9198846960000004,
                                                                    "count": 1,
                                                                    "is_parallel": true,
                                                                    "self": 0.9198846960000004
                                                                },
                                                                "steps_from_proto": {
                                                                    "total": 0.0004080519999991594,
                                                                    "count": 1,
                                                                    "is_parallel": true,
                                                                    "self": 0.00025308700000081785,
                                                                    "children": {
                                                                        "_process_vector_observation": {
                                                                            "total": 0.00015496499999834157,
                                                                            "count": 2,
                                                                            "is_parallel": true,
                                                                            "self": 0.00015496499999834157
                                                                        }
                                                                    }
                                                                }
                                                            }
                                                        }
                                                    }
                                                },
                                                "UnityEnvironment.step": {
                                                    "total": 17.98761711299997,
                                                    "count": 477,
                                                    "is_parallel": true,
                                                    "self": 0.05564957100001422,