{
    "name": "root",
    "gauges": {
        "tr_16_PlayerAgent.Policy.Entropy.mean": {
            "value": 0.622321605682373,
            "min": 0.622321605682373,
            "max": 0.6931278705596924,
            "count": 16
        },
        "tr_16_PlayerAgent.Environment.EpisodeLength.mean": {
            "value": 857.65,
            "min": 64.52980132450331,
            "max": 857.65,
            "count": 16
        },
        "tr_16_PlayerAgent.Self-play.ELO.mean": {
            "value": 1187.539928965705,
            "min": 1184.5210256145326,
            "max": 1198.4025911333022,
            "count": 16
        },
        "tr_16_PlayerAgent.Policy.ExtrinsicValueEstimate.mean": {
            "value": 0.03844931721687317,
            "min": -0.04464757442474365,
            "max": 0.14100030064582825,
            "count": 16
        },
        "tr_16_PlayerAgent.Environment.CumulativeReward.mean": {
            "value": 0.4,
            "min": -0.4,
            "max": 0.4,
            "count": 16
        },
        "tr_16_PlayerAgent.Policy.ExtrinsicReward.mean": {
            "value": 0.4,
            "min": -0.4,
            "max": 0.4,
            "count": 16
        },
        "tr_16_PlayerAgent.IsTraining.mean": {
            "value": 1.0,
            "min": 1.0,
            "max": 1.0,
            "count": 16
        },
        "tr_16_PlayerAgent.Losses.ValueLoss.mean": {
            "value": 0.020287344232201576,
            "min": 0.013368952088057995,
            "max": 0.08472618460655212,
            "count": 7
        },
        "tr_16_PlayerAgent.Losses.PolicyLoss.mean": {
            "value": 0.011553800664842129,
            "min": 0.011553800664842129,
            "max": 0.01991158165037632,
            "count": 7
        },
        "tr_16_PlayerAgent.Policy.LearningRate.mean": {
            "value": 0.00029138397076167166,
            "min": 0.00029138397076167166,
            "max": 0.0002987705811392516,
            "count": 7
        }
    },
    "metadata": {
        "timer_format_version": "0.1.0",
        "start_time_seconds": "1621861385",
        "python_version": "3.7.10 (default, Feb 26 2021, 13:06:18) [MSC v.1916 64 bit (AMD64)]",
        "command_line_arguments": "D:\\Dev\\anaconda3\\envs\\ml_agents\\Scripts\\mlagents-learn ./trainer_config.yaml --run-id tr_16",
        "mlagents_version": "0.16.0",
        "mlagents_envs_version": "0.16.0",
        "communication_protocol_version": "1.0.0",
        "tensorflow_version": "2.4.1",
        "end_time_seconds": "1621862451"
    },
    "total": 1065.8914075,
    "count": 1,
    "self": 0.0004421999999522086,
    "children": {
        "run_training.setup": {
            "total": 0.006946600000000025,
            "count": 1,
            "self": 0.006946600000000025
        },
        "TrainerController.start_learning": {
            "total": 1065.8840187,
            "count": 1,
            "self": 61.78371170000605,
            "children": {
                "TrainerController._reset_env": {
                    "total": 5.476627800000034,
                    "count": 4,
                    "self": 5.476627800000034
                },
                "TrainerController.advance": {
                    "total": 996.0478388999938,
                    "count": 160883,
                    "self": 1.6332494999661549,
                    "children": {
                        "env_step": {
                            "total": 994.4145894000277,
                            "count": 160883,
                            "self": 801.4272479000097,
                            "children": {
                                "SubprocessEnvManager._take_step": {
                                    "total": 191.16443370000283,
                                    "count": 160883,
                                    "self": 7.2800980999871,
                                    "children": {
                                        "NNPolicy.evaluate": {
                                            "total": 183.88433560001573,
                                            "count": 320956,
                                            "self": 183.88433560001573
                                        }
                                    }
                                },
                                "workers": {
                                    "total": 1.8229078000151713,
                                    "count": 160882,
                                    "self": 0.0,
                                    "children": {
                                        "worker_root": {
                                            "total": 1048.3179534000146,
                                            "count": 160882,
                                            "is_parallel": true,
                                            "self": 441.94240050003145,
                                            "children": {
                                                "steps_from_proto": {
                                                    "total": 0.001787799999904749,
                                                    "count": 7,
                                                    "is_parallel": true,
                                                    "self": 0.001025599999836757,
                                                    "children": {
                                                        "_process_vector_observation": {
                                                            "total": 0.0007622000000679918,
                                                            "count": 14,
                                                            "is_parallel": true,
                                                            "self": 0.0007622000000679918
                                                        }
                                                    }
                                                },
                                                "UnityEnvironment.step": {
                                                    "total": 606.3737650999833,
                                                    "count": 160882,
                                                    "is_parallel": true,
                                                    "self": 14.03307639990328,
                                                    "children": {
                                                        "UnityEnvironment._generate_step_input": {
                                                            "total": 9.043956300024206,
                                                            "count": 160882,
                                                            "is_parallel": true,
                                                            "self": 9.043956300024206
                                                        },
                                                        "communicator.exchange": {
                                                            "total": 529.5112759000193,
                                                            "count": 160882,
                                                            "is_parallel": true,
                                                            "self": 529.5112759000193
                                                        },
                                                        "steps_from_proto": {
                                                            "total": 53.78545650003652,
                                                            "count": 321759,
                                                            "is_parallel": true,
                                                            "self": 34.12950810000822,