Steps,Policy/Entropy,Policy/Extrinsic Value Estimate,Environment/Episode Length,Self-play/ELO,Environment/Cumulative Reward,Policy/Extrinsic Reward,Is Training
10000,1.7914969,-0.15674408,295.42424242424244,1198.1920361950008,-12.683029993013902,-12.683029993013902,1.0
20000,1.7915071,0.024195021,299.0,1196.6621053765286,-13.605881997548481,-13.605881997548481,1.0
30000,1.7853653,-0.24171525,299.0,1196.6621053765289,-11.296060283753006,-11.296060283753006,1.0
40000,1.7808985,-0.34651038,299.0,1196.6621053765289,-11.558484620668672,-11.558484620668672,1.0
50000,1.7772524,-0.43575165,299.0,1194.6488519363884,-9.54735267907381,-9.54735267907381,1.0
60000,1.772775,-0.5615382,299.0,1192.1775417946099,-8.987812408886384,-8.987812408886384,1.0
