{
    "name": "root",
    "metadata": {
        "timer_format_version": "0.1.0",
        "start_time_seconds": "1620908067",
        "python_version": "3.7.10 (default, Feb 26 2021, 13:06:18) [MSC v.1916 64 bit (AMD64)]",
        "command_line_arguments": "D:\\Dev\\anaconda3\\envs\\ml_agents\\Scripts\\mlagents-learn ./trainer_config.yaml --run-id tr_18",
        "mlagents_version": "0.16.0",
        "mlagents_envs_version": "0.16.0",
        "communication_protocol_version": "1.0.0",
        "tensorflow_version": "2.4.1",
        "end_time_seconds": "1620908097"
    },
    "total": 29.935617999999998,
    "count": 1,
    "self": 0.0009399999999999409,
    "children": {
        "run_training.setup": {
            "total": 0.006071299999999891,
            "count": 1,
            "self": 0.006071299999999891
        },
        "TrainerController.start_learning": {
            "total": 29.9286067,
            "count": 1,
            "self": 2.540447400000083,
            "children": {
                "TrainerController._reset_env": {
                    "total": 4.371609,
                    "count": 1,
                    "self": 4.371609
                },
                "TrainerController.advance": {
                    "total": 21.68309589999992,
                    "count": 6617,
                    "self": 0.05773839999987729,
                    "children": {
                        "env_step": {
                            "total": 21.625357500000042,
                            "count": 6617,
                            "self": 18.21110819999975,
                            "children": {
                                "SubprocessEnvManager._take_step": {
                                    "total": 3.3501137000000742,
                                    "count": 6617,
                                    "self": 0.1405883000000996,
                                    "children": {
                                        "NNPolicy.evaluate": {
                                            "total": 3.2095253999999747,
                                            "count": 6617,
                                            "self": 3.2095253999999747
                                        }
                                    }
                                },
                                "workers": {
                                    "total": 0.06413560000022045,
                                    "count": 6616,
                                    "self": 0.0,
                                    "children": {
                                        "worker_root": {
                                            "total": 23.9839288000002,
                                            "count": 6616,
                                            "is_parallel": true,
                                            "self": 10.632268200000405,
                                            "children": {
                                                "steps_from_proto": {
                                                    "total": 0.00024930000000011887,
                                                    "count": 1,
                                                    "is_parallel": true,
                                                    "self": 0.00013669999999965654,
                                                    "children": {
                                                        "_process_vector_observation": {
                                                            "total": 0.00011260000000046233,
                                                            "count": 2,
                                                            "is_parallel": true,
                                                            "self": 0.00011260000000046233
                                                        }
                                                    }
                                                },
                                                "UnityEnvironment.step": {
                                                    "total": 13.351411299999794,
                                                    "count": 6616,
                                                    "is_parallel": true,
                                                    "self": 0.36068149999978694,
                                                    "children": {
                                                        "UnityEnvironment._generate_step_input": {
                                                            "total": 0.23330620000005897,
                                                            "count": 6616,
                                                            "is_parallel": true,
                                                            "self": 0.23330620000005897
                                                        },
                                                        "communicator.exchange": {
                                                            "total": 11.686410599999949,
                                                            "count": 6616,
                                                            "is_parallel": true,
                                                            "self": 11.686410599999949
                                                        },
                                                        "steps_from_proto": {
                                                            "total": 1.0710129999999998,
                                                            "count": 6616,
                                                            "is_parallel": true,
                                                            "self": 0.6825164999999513,
                                                            "children": {
                                                                "_process_vector_observation": {
                                                                    "total": 0.38849650000004843,
                                                                    "count": 13232,
                                                                    "is_parallel": true,
                                                                    "self": 0.38849650000004843
                                                                }
                                                            }
                                                        }
                                                    }
                                                }
                                            }
                                        }
                                    }
                                }
                            }
                        }
                    }
                },
                "trainer_threads": {
                    "total": 1.629999999863685e-05,
                    "count": 1,
                    "self": 1.629999999863685e-05,
                    "children": {
                        "thread_root": {
                            "total": 0.0,
                            "count": 0,
                            "is_parallel": true,
                            "self": 0.0,
                            "children": {
                                "trainer_advance": {
                                    "total": 22.95426980000001,
                                    "count": 11463,
                                    "is_parallel": true,
                                    "self": 0.24025540000030787,
                                    "children": {
                                        "process_trajectory": {
                                            "total": 22.7140143999997,
                                            "count": 11463,
                                            "is_parallel": true,