Steps,Policy/Entropy,Environment/Episode Length,Self-play/ELO,Policy/Extrinsic Value Estimate,Environment/Cumulative Reward,Policy/Extrinsic Reward,Is Training
10000,0.6930647,42.213362068965516,1226.9505380395726,0.21537574,0.35935340853857584,0.35935340853857584,1.0
20000,0.6930792,41.761802575107296,1252.8505211478334,0.21205303,0.38974244476899567,0.38974244476899567,1.0
30000,0.6865964,45.97652582159625,1252.8505211478334,0.26564598,0.4363379826847936,0.4363379826847936,1.0
40000,0.6778566,42.35217391304348,1252.8505211478334,0.26445284,0.45869560837745665,0.45869560837745665,1.0
50000,0.6739501,48.21182266009852,1286.7098616303783,0.33426073,0.4102462629966548,0.4102462629966548,1.0
60000,0.66561633,34.704626334519574,1320.7313201959987,-0.19230774,0.2549999628216028,0.2549999628216028,1.0
