{
    "name": "root",
    "metadata": {
        "timer_format_version": "0.1.0",
        "start_time_seconds": "1621791517",
        "python_version": "3.7.10 (default, Feb 26 2021, 13:06:18) [MSC v.1916 64 bit (AMD64)]",
        "command_line_arguments": "D:\\Dev\\anaconda3\\envs\\ml_agents\\Scripts\\mlagents-learn ./trainer_config.yaml --run-id tr_10",
        "mlagents_version": "0.16.0",
        "mlagents_envs_version": "0.16.0",
        "communication_protocol_version": "1.0.0",
        "tensorflow_version": "2.4.1",
        "end_time_seconds": "1621791686"
    },
    "total": 169.0877755,
    "count": 1,
    "self": 0.00043420000000082837,
    "children": {
        "run_training.setup": {
            "total": 0.006329800000000052,
            "count": 1,
            "self": 0.006329800000000052
        },
        "TrainerController.start_learning": {
            "total": 169.0810115,
            "count": 1,
            "self": 3.820226599999984,
            "children": {
                "TrainerController._reset_env": {
                    "total": 8.4235997,
                    "count": 1,
                    "self": 8.4235997
                },
                "TrainerController.advance": {
                    "total": 156.26309349999997,
                    "count": 4785,
                    "self": 0.05637749999917219,
                    "children": {
                        "env_step": {
                            "total": 156.2067160000008,
                            "count": 4785,
                            "self": 152.686639500002,
                            "children": {
                                "SubprocessEnvManager._take_step": {
                                    "total": 3.460012299999015,
                                    "count": 4785,
                                    "self": 0.1495465999992014,
                                    "children": {
                                        "NNPolicy.evaluate": {
                                            "total": 3.3104656999998134,
                                            "count": 4730,
                                            "self": 3.3104656999998134
                                        }
                                    }
                                },
                                "workers": {
                                    "total": 0.06006419999978441,
                                    "count": 4784,
                                    "self": 0.0,
                                    "children": {
                                        "worker_root": {
                                            "total": 159.18352879999986,
                                            "count": 4784,
                                            "is_parallel": true,
                                            "self": 12.674936599999711,
                                            "children": {
                                                "steps_from_proto": {
                                                    "total": 0.0002468000000011017,
                                                    "count": 1,
                                                    "is_parallel": true,
                                                    "self": 0.00013940000000189912,
                                                    "children": {
                                                        "_process_vector_observation": {
                                                            "total": 0.00010739999999920258,
                                                            "count": 2,
                                                            "is_parallel": true,
                                                            "self": 0.00010739999999920258
                                                        }
                                                    }
                                                },
                                                "UnityEnvironment.step": {
                                                    "total": 146.50834540000014,
                                                    "count": 4784,
                                                    "is_parallel": true,
                                                    "self": 0.5102402000013626,
                                                    "children": {
                                                        "UnityEnvironment._generate_step_input": {
                                                            "total": 0.26482949999991057,
                                                            "count": 4784,
                                                            "is_parallel": true,
                                                            "self": 0.26482949999991057
                                                        },
                                                        "communicator.exchange": {
                                                            "total": 144.43402379999904,
                                                            "count": 4784,
                                                            "is_parallel": true,
                                                            "self": 144.43402379999904
                                                        },
                                                        "steps_from_proto": {
                                                            "total": 1.2992518999998364,
                                                            "count": 9568,
                                                            "is_parallel": true,
                                                            "self": 0.8051319999997943,
                                                            "children": {
                                                                "_process_vector_observation": {
                                                                    "total": 0.494119900000042,
                                                                    "count": 19136,
                                                                    "is_parallel": true,
                                                                    "self": 0.494119900000042
                                                                }
                                                            }
                                                        }
                                                    }
                                                }
                                            }
                                        }
                                    }
                                }
                            }
                        }
                    }
                },
                "trainer_threads": {
                    "total": 1.3000000024021574e-05,
                    "count": 1,
                    "self": 1.3000000024021574e-05,
                    "children": {
                        "thread_root": {
                            "total": 0.0,
                            "count": 0,
                            "is_parallel": true,
                            "self": 0.0,
                            "children": {
                                "trainer_advance": {
                                    "total": 157.24455550000047,
                                    "count": 58429,
                                    "is_parallel": true,
                                    "self": 63.957521600002366,
                                    "children": {
                                        "process_trajectory": {
                                            "total": 93.28703389999811,
                                            "count": 58429,
                                            "is_parallel": true,