{
    "name": "root",
    "gauges": {
        "EnemyAgent.Policy.Entropy.mean": {
            "value": 0.08259697258472443,
            "min": 0.056837014853954315,
            "max": 1.7915592193603516,
            "count": 92
        },
        "EnemyAgent.Policy.Entropy.sum": {
            "value": 1645.662109375,
            "min": 1128.10107421875,
            "max": 36210.99609375,
            "count": 92
        },
        "EnemyAgent.Step.mean": {
            "value": 919944.0,
            "min": 9978.0,
            "max": 919944.0,
            "count": 92
        },
        "EnemyAgent.Step.sum": {
            "value": 919944.0,
            "min": 9978.0,
            "max": 919944.0,
            "count": 92
        },
        "EnemyAgent.Policy.ExtrinsicValueEstimate.mean": {
            "value": -0.3323523700237274,
            "min": -0.41103416681289673,
            "max": 0.4072624444961548,
            "count": 92
        },
        "EnemyAgent.Policy.ExtrinsicValueEstimate.sum": {
            "value": -131.9438934326172,
            "min": -226.06878662109375,
            "max": 189.7843017578125,
            "count": 92
        },
        "EnemyAgent.Environment.EpisodeLength.mean": {
            "value": 26.731428571428573,
            "min": 12.166433566433566,
            "max": 4303.125,
            "count": 92
        },
        "EnemyAgent.Environment.EpisodeLength.sum": {
            "value": 18712.0,
            "min": 4778.0,
            "max": 34425.0,
            "count": 92
        },
        "EnemyAgent.Self-play.ELO.mean": {
            "value": 1435.8884986188502,
            "min": 1200.4956868306751,
            "max": 1760.345694289346,
            "count": 92
        },
        "EnemyAgent.Self-play.ELO.sum": {
            "value": 502560.9745165976,
            "min": 1200.4956868306754,
            "max": 1059833.9242020317,
            "count": 92
        },
        "EnemyAgent.Environment.CumulativeReward.mean": {
            "value": 0.8742857142857143,
            "min": -1.0,
            "max": 0.946360153256705,
            "count": 92
        },
        "EnemyAgent.Environment.CumulativeReward.sum": {
            "value": 306.0,
            "min": -569.0,
            "max": 494.0,
            "count": 92
        },
        "EnemyAgent.Policy.ExtrinsicReward.mean": {
            "value": 0.8742857142857143,
            "min": -1.0,
            "max": 0.946360153256705,
            "count": 92
        },
        "EnemyAgent.Policy.ExtrinsicReward.sum": {
            "value": 306.0,
            "min": -569.0,
            "max": 494.0,
            "count": 92
        },
        "EnemyAgent.IsTraining.mean": {
            "value": 1.0,
            "min": 1.0,
            "max": 1.0,
            "count": 92
        },
        "EnemyAgent.IsTraining.sum": {
            "value": 1.0,
            "min": 1.0,
            "max": 1.0,
            "count": 92
        },
        "EnemyAgent.Losses.PolicyLoss.mean": {
            "value": 0.015643710332612196,
            "min": 0.012001830774048964,
            "max": 0.02244162905650834,
            "count": 44
        },
        "EnemyAgent.Losses.PolicyLoss.sum": {
            "value": 0.015643710332612196,
            "min": 0.012001830774048964,
            "max": 0.02244162905650834,
            "count": 44
        },
        "EnemyAgent.Losses.ValueLoss.mean": {
            "value": 0.1782449836532275,
            "min": 0.0044388168724253775,
            "max": 0.35996591448783877,
            "count": 44
        },
        "EnemyAgent.Losses.ValueLoss.sum": {
            "value": 0.1782449836532275,
            "min": 0.0044388168724253775,
            "max": 0.35996591448783877,
            "count": 44
        },
        "EnemyAgent.Policy.LearningRate.mean": {
            "value": 0.00024581659806114,
            "min": 0.00024581659806114,
            "max": 0.0002987664004111999,
            "count": 44
        },
        "EnemyAgent.Policy.LearningRate.sum": {
            "value": 0.00024581659806114,
            "min": 0.00024581659806114,
            "max": 0.0002987664004111999,
            "count": 44
        },
        "EnemyAgent.Policy.Epsilon.mean": {
            "value": 0.18193885999999995,
            "min": 0.18193885999999995,
            "max": 0.19958879999999998,
            "count": 44
        },
        "EnemyAgent.Policy.Epsilon.sum": {
            "value": 0.18193885999999995,
            "min": 0.18193885999999995,
            "max": 0.19958879999999998,
            "count": 44
        },
        "EnemyAgent.Policy.Beta.mean": {
            "value": 0.004098749114000001,
            "min": 0.004098749114000001,
            "max": 0.0049794811199999995,
            "count": 44
        },
        "EnemyAgent.Policy.Beta.sum": {
            "value": 0.004098749114000001,
            "min": 0.004098749114000001,
            "max": 0.0049794811199999995,
            "count": 44
        }
    },
    "metadata": {
        "timer_format_version": "0.1.0",
        "start_time_seconds": "1624668213",
        "python_version": "3.7.10 (default, Feb 26 2021, 13:06:18) [MSC v.1916 64 bit (AMD64)]",
        "command_line_arguments": "D:\\Dev\\anaconda3\\envs\\ml_agents_026\\Scripts\\mlagents-learn ./trainer_config.yaml --run-id tr_08",
        "mlagents_version": "0.26.0",
        "mlagents_envs_version": "0.26.0",
        "communication_protocol_version": "1.5.0",
        "pytorch_version": "1.7.1+cu110",
        "numpy_version": "1.20.3",
        "end_time_seconds": "1624677241"
    },
    "total": 9027.664102300001,
    "count": 1,
    "self": 0.00618419999955222,
    "children": {
        "run_training.setup": {
            "total": 0.1347630999999998,
            "count": 1,
            "self": 0.1347630999999998
        },
        "TrainerController.start_learning": {
            "total": 9027.523155,
            "count": 1,
            "self": 18.46965680039648,
            "children": {
                "TrainerController._reset_env": {
                    "total": 7.227729499998408,
                    "count": 19,
                    "self": 7.227729499998408
                },
                "TrainerController.advance": {
                    "total": 9001.713530899606,
                    "count": 954083,
                    "self": 19.407725699162256,
                    "children": {
                        "env_step": {
                            "total": 8671.594233400161,
                            "count": 954083,
                            "self": 4775.85174929985,
                            "children": {
                                "SubprocessEnvManager._take_step": {
                                    "total": 3884.2606184999368,
                                    "count": 954083,
                                    "self": 95.8471645999266,
                                    "children": {
                                        "TorchPolicy.evaluate": {
                                            "total": 3788.41345390001,
                                            "count": 1859252,
                                            "self": 1535.8665602992019,
                                            "children": {
                                                "TorchPolicy.sample_actions": {
                                                    "total": 2252.5468936008083,
                                                    "count": 1859252,
                                                    "self": 2252.5468936008083
                                                }
                                            }
                                        }
                                    }
                                },
                                "workers": {
                                    "total": 11.481865600374324,
                                    "count": 954082,