{
    "name": "root",
    "metadata": {
        "timer_format_version": "0.1.0",
        "start_time_seconds": "1621989447",
        "python_version": "3.7.10 (default, Feb 26 2021, 13:06:18) [MSC v.1916 64 bit (AMD64)]",
        "command_line_arguments": "D:\\Dev\\anaconda3\\envs\\ml_agents_026\\Scripts\\mlagents-learn ./trainer_config.yaml --run-id tr_08",
        "mlagents_version": "0.26.0",
        "mlagents_envs_version": "0.26.0",
        "communication_protocol_version": "1.5.0",
        "pytorch_version": "1.7.1+cu110",
        "numpy_version": "1.20.3",
        "end_time_seconds": "1621989453"
    },
    "total": 6.6956245999999995,
    "count": 1,
    "self": 0.005543600000000204,
    "children": {
        "run_training.setup": {
            "total": 0.14830790000000005,
            "count": 1,
            "self": 0.14830790000000005
        },
        "TrainerController.start_learning": {
            "total": 6.5417730999999995,
            "count": 1,
            "self": 0.00014799999999937086,
            "children": {
                "TrainerController._reset_env": {
                    "total": 5.755905,
                    "count": 1,
                    "self": 5.755905
                },
                "TrainerController.advance": {
                    "total": 0.7101196999999999,
                    "count": 1,
                    "self": 1.479999999975945e-05,
                    "children": {
                        "env_step": {
                            "total": 0.7101049000000001,
                            "count": 1,
                            "self": 0.10334410000000016,
                            "children": {
                                "SubprocessEnvManager._take_step": {
                                    "total": 0.6067608,
                                    "count": 1,
                                    "self": 5.5200000000255045e-05,
                                    "children": {
                                        "TorchPolicy.evaluate": {
                                            "total": 0.6067055999999997,
                                            "count": 1,
                                            "self": 0.0010529999999997486,
                                            "children": {
                                                "TorchPolicy.sample_actions": {
                                                    "total": 0.6056526,
                                                    "count": 1,
                                                    "self": 0.6056526
                                                }
                                            }
                                        }
                                    }
                                }
                            }
                        }
                    }
                },
                "TrainerController._save_models": {
                    "total": 0.0756003999999999,
                    "count": 1,
                    "self": 0.010636700000000054,
                    "children": {
                        "RLTrainer._checkpoint": {
                            "total": 0.06496369999999985,
                            "count": 1,
                            "self": 0.06496369999999985
                        }
                    }
                }
            }
        }
    }
}