{
    "name": "root",
    "metadata": {
        "timer_format_version": "0.1.0",
        "start_time_seconds": "1625960587",
        "python_version": "3.7.10 (default, Feb 26 2021, 13:06:18) [MSC v.1916 64 bit (AMD64)]",
        "command_line_arguments": "D:\\Dev\\anaconda3\\envs\\ml_agents_026\\Scripts\\mlagents-learn ./trainer_config.yaml --run-id tr_17 --resume",
        "mlagents_version": "0.26.0",
        "mlagents_envs_version": "0.26.0",
        "communication_protocol_version": "1.5.0",
        "pytorch_version": "1.7.1+cu110",
        "numpy_version": "1.20.3",
        "end_time_seconds": "1625960655"
    },
    "total": 68.456343,
    "count": 1,
    "self": 0.009554600000001301,
    "children": {
        "run_training.setup": {
            "total": 0.49567990000000006,
            "count": 1,
            "self": 0.49567990000000006
        },
        "TrainerController.start_learning": {
            "total": 67.9511085,
            "count": 1,
            "self": 0.010791399999988016,
            "children": {
                "TrainerController._reset_env": {
                    "total": 12.5806745,
                    "count": 2,
                    "self": 12.5806745
                },
                "TrainerController.advance": {
                    "total": 55.2570187,
                    "count": 514,
                    "self": 0.010280600000029949,
                    "children": {
                        "env_step": {
                            "total": 55.12347550000002,
                            "count": 514,
                            "self": 53.04685680000004,
                            "children": {
                                "SubprocessEnvManager._take_step": {
                                    "total": 2.0705780000000136,
                                    "count": 514,
                                    "self": 0.03955430000011617,
                                    "children": {
                                        "TorchPolicy.evaluate": {
                                            "total": 2.0310236999998974,
                                            "count": 696,
                                            "self": 0.6308820999999991,
                                            "children": {
                                                "TorchPolicy.sample_actions": {
                                                    "total": 1.4001415999998983,
                                                    "count": 696,
                                                    "self": 1.4001415999998983
                                                }
                                            }
                                        }
                                    }
                                },
                                "workers": {
                                    "total": 0.006040699999966037,
                                    "count": 513,
                                    "self": 0.0,
                                    "children": {
                                        "worker_root": {
                                            "total": 57.097342899999944,
                                            "count": 513,
                                            "is_parallel": true,
                                            "self": 4.6026526999999575,
                                            "children": {
                                                "steps_from_proto": {
                                                    "total": 0.0008117000000016361,
                                                    "count": 3,
                                                    "is_parallel": true,
                                                    "self": 0.0005120000000058411,
                                                    "children": {
                                                        "_process_rank_one_or_two_observation": {
                                                            "total": 0.000299699999995795,
                                                            "count": 6,
                                                            "is_parallel": true,
                                                            "self": 0.000299699999995795
                                                        }
                                                    }
                                                },
                                                "UnityEnvironment.step": {
                                                    "total": 52.49387849999999,
                                                    "count": 513,
                                                    "is_parallel": true,
                                                    "self": 0.05746010000000723,
                                                    "children": {
                                                        "UnityEnvironment._generate_step_input": {
                                                            "total": 0.04631390000002611,
                                                            "count": 513,
                                                            "is_parallel": true,
                                                            "self": 0.04631390000002611
                                                        },
                                                        "communicator.exchange": {
                                                            "total": 52.18466049999999,
                                                            "count": 513,
                                                            "is_parallel": true,
                                                            "self": 52.18466049999999
                                                        },
                                                        "steps_from_proto": {
                                                            "total": 0.20544399999995733,
                                                            "count": 1026,
                                                            "is_parallel": true,
                                                            "self": 0.13979519999992895,
                                                            "children": {
                                                                "_process_rank_one_or_two_observation": {
                                                                    "total": 0.06564880000002837,
                                                                    "count": 2052,
                                                                    "is_parallel": true,
                                                                    "self": 0.06564880000002837
                                                                }
                                                            }
                                                        }
                                                    }
                                                }
                                            }
                                        }
                                    }
                                }
                            }
                        },
                        "trainer_advance": {
                            "total": 0.1232625999999506,
                            "count": 513,
                            "self": 0.02947650000002433,
                            "children": {
                                "process_trajectory": {
                                    "total": 0.09378609999992626,
                                    "count": 513,
                                    "self": 0.09378609999992626
                                }
                            }
                        }
                    }
                },