{
    "name": "root",
    "metadata": {
        "timer_format_version": "0.1.0",
        "start_time_seconds": "1625669188",
        "python_version": "3.7.10 (default, Feb 26 2021, 13:06:18) [MSC v.1916 64 bit (AMD64)]",
        "command_line_arguments": "D:\\Dev\\anaconda3\\envs\\ml_agents_026\\Scripts\\mlagents-learn ./trainer_config.yaml --run-id tr_06",
        "mlagents_version": "0.26.0",
        "mlagents_envs_version": "0.26.0",
        "communication_protocol_version": "1.5.0",
        "pytorch_version": "1.7.1+cu110",
        "numpy_version": "1.20.3",
        "end_time_seconds": "1625669204"
    },
    "total": 16.6048487,
    "count": 1,
    "self": 0.005533299999999741,
    "children": {
        "run_training.setup": {
            "total": 0.1391093000000001,
            "count": 1,
            "self": 0.1391093000000001
        },
        "TrainerController.start_learning": {
            "total": 16.4602061,
            "count": 1,
            "self": 0.00041909999999845127,
            "children": {
                "TrainerController._reset_env": {
                    "total": 7.6972524,
                    "count": 1,
                    "self": 7.6972524
                },
                "TrainerController.advance": {
                    "total": 8.6752956,
                    "count": 4,
                    "self": 8.020000000108496e-05,
                    "children": {
                        "env_step": {
                            "total": 8.672709999999999,
                            "count": 4,
                            "self": 8.178403899999998,
                            "children": {
                                "SubprocessEnvManager._take_step": {
                                    "total": 0.4942655000000009,
                                    "count": 4,
                                    "self": 0.00021770000000209677,
                                    "children": {
                                        "TorchPolicy.evaluate": {
                                            "total": 0.4940477999999988,
                                            "count": 4,
                                            "self": 0.0030064999999979136,
                                            "children": {
                                                "TorchPolicy.sample_actions": {
                                                    "total": 0.4910413000000009,
                                                    "count": 4,
                                                    "self": 0.4910413000000009
                                                }
                                            }
                                        }
                                    }
                                },
                                "workers": {
                                    "total": 4.060000000016828e-05,
                                    "count": 3,
                                    "self": 0.0,
                                    "children": {
                                        "worker_root": {
                                            "total": 6.9020865,
                                            "count": 3,
                                            "is_parallel": true,
                                            "self": 1.935486899999999,
                                            "children": {
                                                "steps_from_proto": {
                                                    "total": 0.0003277999999999892,
                                                    "count": 1,
                                                    "is_parallel": true,
                                                    "self": 0.00019700000000000273,
                                                    "children": {
                                                        "_process_rank_one_or_two_observation": {
                                                            "total": 0.00013079999999998648,
                                                            "count": 2,
                                                            "is_parallel": true,
                                                            "self": 0.00013079999999998648
                                                        }
                                                    }
                                                },
                                                "UnityEnvironment.step": {
                                                    "total": 4.966271800000001,
                                                    "count": 3,
                                                    "is_parallel": true,
                                                    "self": 0.0005486000000018976,
                                                    "children": {
                                                        "UnityEnvironment._generate_step_input": {
                                                            "total": 0.0002314999999999401,
                                                            "count": 3,
                                                            "is_parallel": true,
                                                            "self": 0.0002314999999999401
                                                        },
                                                        "communicator.exchange": {
                                                            "total": 4.964319400000001,
                                                            "count": 3,
                                                            "is_parallel": true,
                                                            "self": 4.964319400000001
                                                        },
                                                        "steps_from_proto": {
                                                            "total": 0.0011722999999985717,
                                                            "count": 6,
                                                            "is_parallel": true,
                                                            "self": 0.0008113000000005144,
                                                            "children": {
                                                                "_process_rank_one_or_two_observation": {
                                                                    "total": 0.0003609999999980573,
                                                                    "count": 12,
                                                                    "is_parallel": true,
                                                                    "self": 0.0003609999999980573
                                                                }
                                                            }
                                                        }
                                                    }
                                                }
                                            }
                                        }
                                    }
                                }
                            }
                        },
                        "trainer_advance": {
                            "total": 0.002505400000000435,
                            "count": 3,
                            "self": 0.0001524000000010517,
                            "children": {
                                "process_trajectory": {
                                    "total": 0.0023529999999993834,
                                    "count": 3,
                                    "self": 0.0023529999999993834
                                }
                            }
                        }
                    }
                },