{
    "name": "root",
    "metadata": {
        "timer_format_version": "0.1.0",
        "start_time_seconds": "1621989247",
        "python_version": "3.7.10 (default, Feb 26 2021, 13:06:18) [MSC v.1916 64 bit (AMD64)]",
        "command_line_arguments": "D:\\Dev\\anaconda3\\envs\\ml_agents_026\\Scripts\\mlagents-learn ./trainer_config.yaml --run-id tr_06",
        "mlagents_version": "0.26.0",
        "mlagents_envs_version": "0.26.0",
        "communication_protocol_version": "1.5.0",
        "pytorch_version": "1.7.1+cu110",
        "numpy_version": "1.20.3",
        "end_time_seconds": "1621989266"
    },
    "total": 19.1928551,
    "count": 1,
    "self": 0.005763399999999308,
    "children": {
        "run_training.setup": {
            "total": 0.44794089999999986,
            "count": 1,
            "self": 0.44794089999999986
        },
        "TrainerController.start_learning": {
            "total": 18.7391508,
            "count": 1,
            "self": 0.0001601999999998327,
            "children": {
                "TrainerController._reset_env": {
                    "total": 17.948945300000002,
                    "count": 1,
                    "self": 17.948945300000002
                },
                "TrainerController.advance": {
                    "total": 0.7167269999999988,
                    "count": 1,
                    "self": 1.7899999996018323e-05,
                    "children": {
                        "env_step": {
                            "total": 0.7167091000000028,
                            "count": 1,
                            "self": 0.19619030000000492,
                            "children": {
                                "SubprocessEnvManager._take_step": {
                                    "total": 0.5205187999999978,
                                    "count": 1,
                                    "self": 6.769999999889365e-05,
                                    "children": {
                                        "TorchPolicy.evaluate": {
                                            "total": 0.520451099999999,
                                            "count": 1,
                                            "self": 0.0010873000000017896,
                                            "children": {
                                                "TorchPolicy.sample_actions": {
                                                    "total": 0.5193637999999972,
                                                    "count": 1,
                                                    "self": 0.5193637999999972
                                                }
                                            }
                                        }
                                    }
                                }
                            }
                        }
                    }
                },
                "TrainerController._save_models": {
                    "total": 0.07331830000000039,
                    "count": 1,
                    "self": 0.010669700000001114,
                    "children": {
                        "RLTrainer._checkpoint": {
                            "total": 0.06264859999999928,
                            "count": 1,
                            "self": 0.06264859999999928
                        }
                    }
                }
            }
        }
    }
}