{
    "name": "root",
    "metadata": {
        "timer_format_version": "0.1.0",
        "start_time_seconds": "1620075298",
        "python_version": "3.7.10 (default, Feb 26 2021, 13:06:18) [MSC v.1916 64 bit (AMD64)]",
        "command_line_arguments": "D:\\Dev\\anaconda3\\envs\\ml_agentss\\Scripts\\mlagents-learn ./new.yaml --run-id tr_03",
        "mlagents_version": "0.26.0",
        "mlagents_envs_version": "0.26.0",
        "communication_protocol_version": "1.5.0",
        "pytorch_version": "1.8.1",
        "numpy_version": "1.20.1",
        "end_time_seconds": "1620075378"
    },
    "total": 79.2861475,
    "count": 1,
    "self": 0.004463099999995279,
    "children": {
        "run_training.setup": {
            "total": 0.14789990000000008,
            "count": 1,
            "self": 0.14789990000000008
        },
        "TrainerController.start_learning": {
            "total": 79.1337845,
            "count": 1,
            "self": 0.1074927999998323,
            "children": {
                "TrainerController._reset_env": {
                    "total": 24.400904099999998,
                    "count": 1,
                    "self": 24.400904099999998
                },
                "TrainerController.advance": {
                    "total": 53.73132050000019,
                    "count": 6141,
                    "self": 0.1198055000010001,
                    "children": {
                        "env_step": {
                            "total": 52.97129350000003,
                            "count": 6141,
                            "self": 34.405423199999504,
                            "children": {
                                "SubprocessEnvManager._take_step": {
                                    "total": 18.49775230000038,
                                    "count": 6141,
                                    "self": 0.29786420000063885,
                                    "children": {
                                        "TorchPolicy.evaluate": {
                                            "total": 18.19988809999974,
                                            "count": 6141,
                                            "self": 5.021218099999661,
                                            "children": {
                                                "TorchPolicy.sample_actions": {
                                                    "total": 13.178670000000078,
                                                    "count": 6141,
                                                    "self": 13.178670000000078
                                                }
                                            }
                                        }
                                    }
                                },
                                "workers": {
                                    "total": 0.06811800000014401,
                                    "count": 6140,
                                    "self": 0.0,
                                    "children": {
                                        "worker_root": {
                                            "total": 68.03800249999968,
                                            "count": 6140,
                                            "is_parallel": true,
                                            "self": 38.67867839999914,
                                            "children": {
                                                "steps_from_proto": {
                                                    "total": 0.0004859999999986542,
                                                    "count": 1,
                                                    "is_parallel": true,
                                                    "self": 0.00027889999999963777,
                                                    "children": {
                                                        "_process_rank_one_or_two_observation": {
                                                            "total": 0.0002070999999990164,
                                                            "count": 2,
                                                            "is_parallel": true,
                                                            "self": 0.0002070999999990164
                                                        }
                                                    }
                                                },
                                                "UnityEnvironment.step": {
                                                    "total": 29.35883810000054,
                                                    "count": 6140,
                                                    "is_parallel": true,
                                                    "self": 0.44455050000035,
                                                    "children": {
                                                        "UnityEnvironment._generate_step_input": {
                                                            "total": 0.3787381000001133,
                                                            "count": 6140,
                                                            "is_parallel": true,
                                                            "self": 0.3787381000001133
                                                        },
                                                        "communicator.exchange": {
                                                            "total": 26.9361808999998,
                                                            "count": 6140,
                                                            "is_parallel": true,
                                                            "self": 26.9361808999998
                                                        },
                                                        "steps_from_proto": {
                                                            "total": 1.5993686000002754,
                                                            "count": 6140,
                                                            "is_parallel": true,
                                                            "self": 1.071808700000478,
                                                            "children": {
                                                                "_process_rank_one_or_two_observation": {
                                                                    "total": 0.5275598999997975,
                                                                    "count": 12280,
                                                                    "is_parallel": true,
                                                                    "self": 0.5275598999997975
                                                                }
                                                            }
                                                        }
                                                    }
                                                }
                                            }
                                        }
                                    }
                                }
                            }
                        },
                        "trainer_advance": {
                            "total": 0.6402214999991607,
                            "count": 6140,
                            "self": 0.1470344999994282,
                            "children": {
                                "process_trajectory": {
                                    "total": 0.4931869999997325,
                                    "count": 6140,
                                    "self": 0.4931869999997325
                                }
                            }
                        }
                    }
                },