{
    "name": "root",
    "metadata": {
        "timer_format_version": "0.1.0",
        "start_time_seconds": "1621989921",
        "python_version": "3.7.10 (default, Feb 26 2021, 13:06:18) [MSC v.1916 64 bit (AMD64)]",
        "command_line_arguments": "D:\\Dev\\anaconda3\\envs\\ml_agents_026\\Scripts\\mlagents-learn ./trainer_config.yaml --run-id tr_13",
        "mlagents_version": "0.26.0",
        "mlagents_envs_version": "0.26.0",
        "communication_protocol_version": "1.5.0",
        "pytorch_version": "1.7.1+cu110",
        "numpy_version": "1.20.3",
        "end_time_seconds": "1621989929"
    },
    "total": 8.164115200000001,
    "count": 1,
    "self": 0.007561900000002453,
    "children": {
        "run_training.setup": {
            "total": 0.13743189999999994,
            "count": 1,
            "self": 0.13743189999999994
        },
        "TrainerController.start_learning": {
            "total": 8.0191214,
            "count": 1,
            "self": 0.00015339999999852694,
            "children": {
                "TrainerController._reset_env": {
                    "total": 7.273835099999999,
                    "count": 1,
                    "self": 7.273835099999999
                },
                "TrainerController.advance": {
                    "total": 0.6636572000000012,
                    "count": 1,
                    "self": 1.4200000002517754e-05,
                    "children": {
                        "env_step": {
                            "total": 0.6636429999999987,
                            "count": 1,
                            "self": 0.17782249999999955,
                            "children": {
                                "SubprocessEnvManager._take_step": {
                                    "total": 0.4858204999999991,
                                    "count": 1,
                                    "self": 5.529999999787094e-05,
                                    "children": {
                                        "TorchPolicy.evaluate": {
                                            "total": 0.48576520000000123,
                                            "count": 1,
                                            "self": 0.0009265000000002743,
                                            "children": {
                                                "TorchPolicy.sample_actions": {
                                                    "total": 0.48483870000000096,
                                                    "count": 1,
                                                    "self": 0.48483870000000096
                                                }
                                            }
                                        }
                                    }
                                }
                            }
                        }
                    }
                },
                "TrainerController._save_models": {
                    "total": 0.08147570000000037,
                    "count": 1,
                    "self": 0.01222600000000007,
                    "children": {
                        "RLTrainer._checkpoint": {
                            "total": 0.0692497000000003,
                            "count": 1,
                            "self": 0.0692497000000003
                        }
                    }
                }
            }
        }
    }
}