{
    "name": "root",
    "metadata": {
        "timer_format_version": "0.1.0",
        "start_time_seconds": "1625959165",
        "python_version": "3.7.10 (default, Feb 26 2021, 13:06:18) [MSC v.1916 64 bit (AMD64)]",
        "command_line_arguments": "D:\\Dev\\anaconda3\\envs\\ml_agents_026\\Scripts\\mlagents-learn ./trainer_config.yaml --run-id tr_32",
        "mlagents_version": "0.26.0",
        "mlagents_envs_version": "0.26.0",
        "communication_protocol_version": "1.5.0",
        "pytorch_version": "1.7.1+cu110",
        "numpy_version": "1.20.3",
        "end_time_seconds": "1625959202"
    },
    "total": 36.708462700000005,
    "count": 1,
    "self": 0.005304200000004755,
    "children": {
        "run_training.setup": {
            "total": 0.1396082999999999,
            "count": 1,
            "self": 0.1396082999999999
        },
        "TrainerController.start_learning": {
            "total": 36.5635502,
            "count": 1,
            "self": 0.06364619999978771,
            "children": {
                "TrainerController._reset_env": {
                    "total": 9.510121700000001,
                    "count": 1,
                    "self": 9.510121700000001
                },
                "TrainerController.advance": {
                    "total": 26.860268100000212,
                    "count": 3295,
                    "self": 0.0659650000002685,
                    "children": {
                        "env_step": {
                            "total": 26.41014479999993,
                            "count": 3295,
                            "self": 12.123162199999959,
                            "children": {
                                "SubprocessEnvManager._take_step": {
                                    "total": 14.247590200000008,
                                    "count": 3295,
                                    "self": 0.3302945999996929,
                                    "children": {
                                        "TorchPolicy.evaluate": {
                                            "total": 13.917295600000315,
                                            "count": 6557,
                                            "self": 5.524058700000479,
                                            "children": {
                                                "TorchPolicy.sample_actions": {
                                                    "total": 8.393236899999836,
                                                    "count": 6557,
                                                    "self": 8.393236899999836
                                                }
                                            }
                                        }
                                    }
                                },
                                "workers": {
                                    "total": 0.039392399999963246,
                                    "count": 3294,
                                    "self": 0.0,
                                    "children": {
                                        "worker_root": {
                                            "total": 28.333262699999956,
                                            "count": 3294,
                                            "is_parallel": true,
                                            "self": 19.629114699999892,
                                            "children": {
                                                "steps_from_proto": {
                                                    "total": 0.00034409999999951424,
                                                    "count": 1,
                                                    "is_parallel": true,
                                                    "self": 0.00020009999999892614,
                                                    "children": {
                                                        "_process_rank_one_or_two_observation": {
                                                            "total": 0.0001440000000005881,
                                                            "count": 2,
                                                            "is_parallel": true,
                                                            "self": 0.0001440000000005881
                                                        }
                                                    }
                                                },
                                                "UnityEnvironment.step": {
                                                    "total": 8.703803900000064,
                                                    "count": 3294,
                                                    "is_parallel": true,
                                                    "self": 0.32355520000016824,
                                                    "children": {
                                                        "UnityEnvironment._generate_step_input": {
                                                            "total": 0.28008980000007355,
                                                            "count": 3294,
                                                            "is_parallel": true,
                                                            "self": 0.28008980000007355
                                                        },
                                                        "communicator.exchange": {
                                                            "total": 6.620345800000113,
                                                            "count": 3294,
                                                            "is_parallel": true,
                                                            "self": 6.620345800000113
                                                        },
                                                        "steps_from_proto": {
                                                            "total": 1.47981309999971,
                                                            "count": 6588,
                                                            "is_parallel": true,
                                                            "self": 1.0232837999994064,
                                                            "children": {
                                                                "_process_rank_one_or_two_observation": {
                                                                    "total": 0.45652930000030345,
                                                                    "count": 13176,
                                                                    "is_parallel": true,
                                                                    "self": 0.45652930000030345
                                                                }
                                                            }
                                                        }
                                                    }
                                                }
                                            }
                                        }
                                    }
                                }
                            }
                        },
                        "trainer_advance": {
                            "total": 0.3841583000000153,
                            "count": 3294,
                            "self": 0.17604629999998522,
                            "children": {
                                "process_trajectory": {
                                    "total": 0.20811200000003005,
                                    "count": 3294,
                                    "self": 0.20811200000003005
                                }
                            }
                        }
                    }
                },