{
    "name": "root",
    "metadata": {
        "timer_format_version": "0.1.0",
        "start_time_seconds": "1625669108",
        "python_version": "3.7.10 (default, Feb 26 2021, 13:06:18) [MSC v.1916 64 bit (AMD64)]",
        "command_line_arguments": "D:\\Dev\\anaconda3\\envs\\ml_agents_026\\Scripts\\mlagents-learn ./trainer_config.yaml --run-id tr_04 --resume",
        "mlagents_version": "0.26.0",
        "mlagents_envs_version": "0.26.0",
        "communication_protocol_version": "1.5.0",
        "pytorch_version": "1.7.1+cu110",
        "numpy_version": "1.20.3",
        "end_time_seconds": "1625669136"
    },
    "total": 28.150203400000002,
    "count": 1,
    "self": 0.004882400000003173,
    "children": {
        "run_training.setup": {
            "total": 0.1325961,
            "count": 1,
            "self": 0.1325961
        },
        "TrainerController.start_learning": {
            "total": 28.0127249,
            "count": 1,
            "self": 0.0003736000000031936,
            "children": {
                "TrainerController._reset_env": {
                    "total": 22.7439236,
                    "count": 2,
                    "self": 22.7439236
                },
                "TrainerController.advance": {
                    "total": 5.178631499999998,
                    "count": 1,
                    "self": 2.6999999999333113e-05,
                    "children": {
                        "env_step": {
                            "total": 5.176009399999998,
                            "count": 1,
                            "self": 4.6960391,
                            "children": {
                                "SubprocessEnvManager._take_step": {
                                    "total": 0.4799559000000002,
                                    "count": 1,
                                    "self": 6.039999999885026e-05,
                                    "children": {
                                        "TorchPolicy.evaluate": {
                                            "total": 0.47989550000000136,
                                            "count": 1,
                                            "self": 0.0007662000000010494,
                                            "children": {
                                                "TorchPolicy.sample_actions": {
                                                    "total": 0.4791293000000003,
                                                    "count": 1,
                                                    "self": 0.4791293000000003
                                                }
                                            }
                                        }
                                    }
                                },
                                "workers": {
                                    "total": 1.4399999997749546e-05,
                                    "count": 1,
                                    "self": 0.0,
                                    "children": {
                                        "worker_root": {
                                            "total": 6.673424100000002,
                                            "count": 1,
                                            "is_parallel": true,
                                            "self": 1.9826490000000057,
                                            "children": {
                                                "steps_from_proto": {
                                                    "total": 0.00034819999999768925,
                                                    "count": 1,
                                                    "is_parallel": true,
                                                    "self": 0.00019909999999967454,
                                                    "children": {
                                                        "_process_rank_one_or_two_observation": {
                                                            "total": 0.0001490999999980147,
                                                            "count": 2,
                                                            "is_parallel": true,
                                                            "self": 0.0001490999999980147
                                                        }
                                                    }
                                                },
                                                "UnityEnvironment.step": {
                                                    "total": 4.6904268999999985,
                                                    "count": 1,
                                                    "is_parallel": true,
                                                    "self": 0.0003165999999978908,
                                                    "children": {
                                                        "UnityEnvironment._generate_step_input": {
                                                            "total": 7.899999999949614e-05,
                                                            "count": 1,
                                                            "is_parallel": true,
                                                            "self": 7.899999999949614e-05
                                                        },
                                                        "communicator.exchange": {
                                                            "total": 4.689701899999999,
                                                            "count": 1,
                                                            "is_parallel": true,
                                                            "self": 4.689701899999999
                                                        },
                                                        "steps_from_proto": {
                                                            "total": 0.0003294000000018116,
                                                            "count": 2,
                                                            "is_parallel": true,
                                                            "self": 0.00018549999999706301,
                                                            "children": {
                                                                "_process_rank_one_or_two_observation": {
                                                                    "total": 0.00014390000000474856,
                                                                    "count": 4,
                                                                    "is_parallel": true,
                                                                    "self": 0.00014390000000474856
                                                                }
                                                            }
                                                        }
                                                    }
                                                }
                                            }
                                        }
                                    }
                                }
                            }
                        },
                        "trainer_advance": {
                            "total": 0.0025951000000006275,
                            "count": 1,
                            "self": 0.0007714999999990368,
                            "children": {
                                "process_trajectory": {
                                    "total": 0.0018236000000015906,
                                    "count": 1,
                                    "self": 0.0018236000000015906
                                }
                            }
                        }
                    }
                },