{
    "name": "root",
    "metadata": {
        "timer_format_version": "0.1.0",
        "start_time_seconds": "1621988966",
        "python_version": "3.7.10 (default, Feb 26 2021, 13:06:18) [MSC v.1916 64 bit (AMD64)]",
        "command_line_arguments": "D:\\Dev\\anaconda3\\envs\\ml_agents_026\\Scripts\\mlagents-learn ./trainer_config.yaml --run-id tr_04",
        "mlagents_version": "0.26.0",
        "mlagents_envs_version": "0.26.0",
        "communication_protocol_version": "1.5.0",
        "pytorch_version": "1.7.1+cu110",
        "numpy_version": "1.20.3",
        "end_time_seconds": "1621988978"
    },
    "total": 11.9575219,
    "count": 1,
    "self": 0.005363100000000287,
    "children": {
        "run_training.setup": {
            "total": 0.14148399999999994,
            "count": 1,
            "self": 0.14148399999999994
        },
        "TrainerController.start_learning": {
            "total": 11.8106748,
            "count": 1,
            "self": 0.00017040000000001498,
            "children": {
                "TrainerController._reset_env": {
                    "total": 11.124847899999999,
                    "count": 1,
                    "self": 11.124847899999999
                },
                "TrainerController.advance": {
                    "total": 0.6084627000000005,
                    "count": 1,
                    "self": 1.540000000055386e-05,
                    "children": {
                        "env_step": {
                            "total": 0.6084472999999999,
                            "count": 1,
                            "self": 0.10891110000000026,
                            "children": {
                                "SubprocessEnvManager._take_step": {
                                    "total": 0.49953619999999965,
                                    "count": 1,
                                    "self": 5.499999999969418e-05,
                                    "children": {
                                        "TorchPolicy.evaluate": {
                                            "total": 0.49948119999999996,
                                            "count": 1,
                                            "self": 0.0007872999999989361,
                                            "children": {
                                                "TorchPolicy.sample_actions": {
                                                    "total": 0.498693900000001,
                                                    "count": 1,
                                                    "self": 0.498693900000001
                                                }
                                            }
                                        }
                                    }
                                }
                            }
                        }
                    }
                },
                "TrainerController._save_models": {
                    "total": 0.07719379999999987,
                    "count": 1,
                    "self": 0.008454300000000359,
                    "children": {
                        "RLTrainer._checkpoint": {
                            "total": 0.06873949999999951,
                            "count": 1,
                            "self": 0.06873949999999951
                        }
                    }
                }
            }
        }
    }
}