{
    "name": "root",
    "metadata": {
        "timer_format_version": "0.1.0",
        "start_time_seconds": "1621989572",
        "python_version": "3.7.10 (default, Feb 26 2021, 13:06:18) [MSC v.1916 64 bit (AMD64)]",
        "command_line_arguments": "D:\\Dev\\anaconda3\\envs\\ml_agents_026\\Scripts\\mlagents-learn ./trainer_config.yaml --run-id tr_10",
        "mlagents_version": "0.26.0",
        "mlagents_envs_version": "0.26.0",
        "communication_protocol_version": "1.5.0",
        "pytorch_version": "1.7.1+cu110",
        "numpy_version": "1.20.3",
        "end_time_seconds": "1621989580"
    },
    "total": 8.104675599999998,
    "count": 1,
    "self": 0.005560399999998467,
    "children": {
        "run_training.setup": {
            "total": 0.1684215,
            "count": 1,
            "self": 0.1684215
        },
        "TrainerController.start_learning": {
            "total": 7.930693700000001,
            "count": 1,
            "self": 0.00017729999999982482,
            "children": {
                "TrainerController._reset_env": {
                    "total": 7.2320359000000005,
                    "count": 1,
                    "self": 7.2320359000000005
                },
                "TrainerController.advance": {
                    "total": 0.6180804000000002,
                    "count": 1,
                    "self": 1.8300000000692762e-05,
                    "children": {
                        "env_step": {
                            "total": 0.6180620999999995,
                            "count": 1,
                            "self": 0.1030072999999998,
                            "children": {
                                "SubprocessEnvManager._take_step": {
                                    "total": 0.5150547999999997,
                                    "count": 1,
                                    "self": 5.589999999955353e-05,
                                    "children": {
                                        "TorchPolicy.evaluate": {
                                            "total": 0.5149989000000001,
                                            "count": 1,
                                            "self": 0.0009034000000003317,
                                            "children": {
                                                "TorchPolicy.sample_actions": {
                                                    "total": 0.5140954999999998,
                                                    "count": 1,
                                                    "self": 0.5140954999999998
                                                }
                                            }
                                        }
                                    }
                                }
                            }
                        }
                    }
                },
                "TrainerController._save_models": {
                    "total": 0.08040010000000031,
                    "count": 1,
                    "self": 0.007900899999999211,
                    "children": {
                        "RLTrainer._checkpoint": {
                            "total": 0.0724992000000011,
                            "count": 1,
                            "self": 0.0724992000000011
                        }
                    }
                }
            }
        }
    }
}