{
    "name": "root",
    "metadata": {
        "timer_format_version": "0.1.0",
        "start_time_seconds": "1621988919",
        "python_version": "3.7.10 (default, Feb 26 2021, 13:06:18) [MSC v.1916 64 bit (AMD64)]",
        "command_line_arguments": "D:\\Dev\\anaconda3\\envs\\ml_agents_026\\Scripts\\mlagents-learn ./trainer_config.yaml --run-id tr_03",
        "mlagents_version": "0.26.0",
        "mlagents_envs_version": "0.26.0",
        "communication_protocol_version": "1.5.0",
        "pytorch_version": "1.7.1+cu110",
        "numpy_version": "1.20.3",
        "end_time_seconds": "1621988925"
    },
    "total": 6.550330300000001,
    "count": 1,
    "self": 0.008486800000000017,
    "children": {
        "run_training.setup": {
            "total": 0.14002709999999996,
            "count": 1,
            "self": 0.14002709999999996
        },
        "TrainerController.start_learning": {
            "total": 6.4018164,
            "count": 1,
            "self": 0.0002104000000011652,
            "children": {
                "TrainerController._reset_env": {
                    "total": 5.5406192999999995,
                    "count": 1,
                    "self": 5.5406192999999995
                },
                "TrainerController.advance": {
                    "total": 0.7726167999999998,
                    "count": 1,
                    "self": 4.279999999923234e-05,
                    "children": {
                        "env_step": {
                            "total": 0.7725740000000005,
                            "count": 1,
                            "self": 0.2177548000000007,
                            "children": {
                                "SubprocessEnvManager._take_step": {
                                    "total": 0.5548020999999999,
                                    "count": 1,
                                    "self": 5.940000000048684e-05,
                                    "children": {
                                        "TorchPolicy.evaluate": {
                                            "total": 0.5547426999999994,
                                            "count": 1,
                                            "self": 0.000907799999999348,
                                            "children": {
                                                "TorchPolicy.sample_actions": {
                                                    "total": 0.5538349,
                                                    "count": 1,
                                                    "self": 0.5538349
                                                }
                                            }
                                        }
                                    }
                                },
                                "workers": {
                                    "total": 1.709999999999212e-05,
                                    "count": 1,
                                    "self": 0.0,
                                    "children": {
                                        "worker_root": {
                                            "total": 1.9997871000000007,
                                            "count": 1,
                                            "is_parallel": true,
                                            "self": 1.9487696000000003,
                                            "children": {
                                                "steps_from_proto": {
                                                    "total": 0.0003346000000004068,
                                                    "count": 1,
                                                    "is_parallel": true,
                                                    "self": 0.0002010999999999541,
                                                    "children": {
                                                        "_process_rank_one_or_two_observation": {
                                                            "total": 0.0001335000000004527,
                                                            "count": 2,
                                                            "is_parallel": true,
                                                            "self": 0.0001335000000004527
                                                        }
                                                    }
                                                },
                                                "UnityEnvironment.step": {
                                                    "total": 0.050682899999999975,
                                                    "count": 1,
                                                    "is_parallel": true,
                                                    "self": 0.00034790000000040067,
                                                    "children": {
                                                        "UnityEnvironment._generate_step_input": {
                                                            "total": 8.750000000024016e-05,
                                                            "count": 1,
                                                            "is_parallel": true,
                                                            "self": 8.750000000024016e-05
                                                        },
                                                        "communicator.exchange": {
                                                            "total": 0.04987949999999941,
                                                            "count": 1,
                                                            "is_parallel": true,
                                                            "self": 0.04987949999999941
                                                        },
                                                        "steps_from_proto": {
                                                            "total": 0.00036799999999992394,
                                                            "count": 2,
                                                            "is_parallel": true,
                                                            "self": 0.0002246999999995225,
                                                            "children": {
                                                                "_process_rank_one_or_two_observation": {
                                                                    "total": 8.81000000001464e-05,
                                                                    "count": 4,
                                                                    "is_parallel": true,
                                                                    "self": 8.81000000001464e-05
                                                                },
                                                                "_process_maybe_compressed_observation": {
                                                                    "total": 5.5200000000255045e-05,
                                                                    "count": 2,
                                                                    "is_parallel": true,
                                                                    "self": 3.020000000031331e-05,
                                                                    "children": {
                                                                        "_observation_to_np_array": {
                                                                            "total": 2.4999999999941735e-05,
                                                                            "count": 1,
                                                                            "is_parallel": true,