{
    "name": "root",
    "metadata": {
        "timer_format_version": "0.1.0",
        "start_time_seconds": "1625601003",
        "python_version": "3.7.10 (default, Feb 26 2021, 13:06:18) [MSC v.1916 64 bit (AMD64)]",
        "command_line_arguments": "D:\\Dev\\anaconda3\\envs\\ml_agents_026\\Scripts\\mlagents-learn ./trainer_config.yaml --run-id tr_03 --resume",
        "mlagents_version": "0.26.0",
        "mlagents_envs_version": "0.26.0",
        "communication_protocol_version": "1.5.0",
        "pytorch_version": "1.7.1+cu110",
        "numpy_version": "1.20.3",
        "end_time_seconds": "1625601017"
    },
    "total": 14.1751317,
    "count": 1,
    "self": 0.0050466999999994044,
    "children": {
        "run_training.setup": {
            "total": 0.5875080000000006,
            "count": 1,
            "self": 0.5875080000000006
        },
        "TrainerController.start_learning": {
            "total": 13.582576999999999,
            "count": 1,
            "self": 0.007840200000014619,
            "children": {
                "TrainerController._reset_env": {
                    "total": 8.4705868,
                    "count": 2,
                    "self": 8.4705868
                },
                "TrainerController.advance": {
                    "total": 4.933854099999985,
                    "count": 383,
                    "self": 0.007366900000008059,
                    "children": {
                        "env_step": {
                            "total": 4.860698000000022,
                            "count": 383,
                            "self": 2.5082912000000324,
                            "children": {
                                "SubprocessEnvManager._take_step": {
                                    "total": 2.3480386999999965,
                                    "count": 383,
                                    "self": 0.03810449999998511,
                                    "children": {
                                        "TorchPolicy.evaluate": {
                                            "total": 2.3099342000000114,
                                            "count": 747,
                                            "self": 0.627346499999943,
                                            "children": {
                                                "TorchPolicy.sample_actions": {
                                                    "total": 1.6825877000000684,
                                                    "count": 747,
                                                    "self": 1.6825877000000684
                                                }
                                            }
                                        }
                                    }
                                },
                                "workers": {
                                    "total": 0.004368099999993547,
                                    "count": 382,
                                    "self": 0.0,
                                    "children": {
                                        "worker_root": {
                                            "total": 7.022317299999992,
                                            "count": 382,
                                            "is_parallel": true,
                                            "self": 4.93081399999999,
                                            "children": {
                                                "steps_from_proto": {
                                                    "total": 0.0008071000000002826,
                                                    "count": 3,
                                                    "is_parallel": true,
                                                    "self": 0.0005326000000014375,
                                                    "children": {
                                                        "_process_rank_one_or_two_observation": {
                                                            "total": 0.0002744999999988451,
                                                            "count": 6,
                                                            "is_parallel": true,
                                                            "self": 0.0002744999999988451
                                                        }
                                                    }
                                                },
                                                "UnityEnvironment.step": {
                                                    "total": 2.090696200000002,
                                                    "count": 382,
                                                    "is_parallel": true,
                                                    "self": 0.03729249999997286,
                                                    "children": {
                                                        "UnityEnvironment._generate_step_input": {
                                                            "total": 0.032619400000013954,
                                                            "count": 382,
                                                            "is_parallel": true,
                                                            "self": 0.032619400000013954
                                                        },
                                                        "communicator.exchange": {
                                                            "total": 1.8474332999999934,
                                                            "count": 382,
                                                            "is_parallel": true,
                                                            "self": 1.8474332999999934
                                                        },
                                                        "steps_from_proto": {
                                                            "total": 0.17335100000002157,
                                                            "count": 764,
                                                            "is_parallel": true,
                                                            "self": 0.12172940000002974,
                                                            "children": {
                                                                "_process_rank_one_or_two_observation": {
                                                                    "total": 0.05162159999999183,
                                                                    "count": 1528,
                                                                    "is_parallel": true,
                                                                    "self": 0.05162159999999183
                                                                }
                                                            }
                                                        }
                                                    }
                                                }
                                            }
                                        }
                                    }
                                }
                            }
                        },
                        "trainer_advance": {
                            "total": 0.06578919999995492,
                            "count": 382,
                            "self": 0.021200899999968215,
                            "children": {
                                "process_trajectory": {
                                    "total": 0.0445882999999867,
                                    "count": 382,
                                    "self": 0.0445882999999867
                                }
                            }
                        }
                    }
                },