{
    "name": "root",
    "metadata": {
        "timer_format_version": "0.1.0",
        "start_time_seconds": "1620075395",
        "python_version": "3.7.10 (default, Feb 26 2021, 13:06:18) [MSC v.1916 64 bit (AMD64)]",
        "command_line_arguments": "D:\\Dev\\anaconda3\\envs\\ml_agentss\\Scripts\\mlagents-learn ./new.yaml --run-id tr_04",
        "mlagents_version": "0.26.0",
        "mlagents_envs_version": "0.26.0",
        "communication_protocol_version": "1.5.0",
        "pytorch_version": "1.8.1",
        "numpy_version": "1.20.1",
        "end_time_seconds": "1620075415"
    },
    "total": 20.288362399999997,
    "count": 1,
    "self": 0.005455399999995336,
    "children": {
        "run_training.setup": {
            "total": 0.14198199999999983,
            "count": 1,
            "self": 0.14198199999999983
        },
        "TrainerController.start_learning": {
            "total": 20.140925000000003,
            "count": 1,
            "self": 0.02655960000002011,
            "children": {
                "TrainerController._reset_env": {
                    "total": 6.8459684,
                    "count": 1,
                    "self": 6.8459684
                },
                "TrainerController.advance": {
                    "total": 13.126262699999982,
                    "count": 1455,
                    "self": 0.027654399999905266,
                    "children": {
                        "env_step": {
                            "total": 12.567017700000047,
                            "count": 1455,
                            "self": 9.076485500000036,
                            "children": {
                                "SubprocessEnvManager._take_step": {
                                    "total": 3.4750955000000037,
                                    "count": 1455,
                                    "self": 0.06220660000002631,
                                    "children": {
                                        "TorchPolicy.evaluate": {
                                            "total": 3.4128888999999774,
                                            "count": 1267,
                                            "self": 1.0290614000000016,
                                            "children": {
                                                "TorchPolicy.sample_actions": {
                                                    "total": 2.383827499999976,
                                                    "count": 1267,
                                                    "self": 2.383827499999976
                                                }
                                            }
                                        }
                                    }
                                },
                                "workers": {
                                    "total": 0.01543670000000752,
                                    "count": 1454,
                                    "self": 0.0,
                                    "children": {
                                        "worker_root": {
                                            "total": 14.649416499999967,
                                            "count": 1454,
                                            "is_parallel": true,
                                            "self": 6.757547499999979,
                                            "children": {
                                                "steps_from_proto": {
                                                    "total": 0.00041470000000032314,
                                                    "count": 1,
                                                    "is_parallel": true,
                                                    "self": 0.0002748000000005746,
                                                    "children": {
                                                        "_process_rank_one_or_two_observation": {
                                                            "total": 0.00013989999999974856,
                                                            "count": 2,
                                                            "is_parallel": true,
                                                            "self": 0.00013989999999974856
                                                        }
                                                    }
                                                },
                                                "UnityEnvironment.step": {
                                                    "total": 7.891454299999988,
                                                    "count": 1454,
                                                    "is_parallel": true,
                                                    "self": 0.10619510000000432,
                                                    "children": {
                                                        "UnityEnvironment._generate_step_input": {
                                                            "total": 0.0838463000000349,
                                                            "count": 1454,
                                                            "is_parallel": true,
                                                            "self": 0.0838463000000349
                                                        },
                                                        "communicator.exchange": {
                                                            "total": 7.329408299999996,
                                                            "count": 1454,
                                                            "is_parallel": true,
                                                            "self": 7.329408299999996
                                                        },
                                                        "steps_from_proto": {
                                                            "total": 0.3720045999999524,
                                                            "count": 1454,
                                                            "is_parallel": true,
                                                            "self": 0.24216669999993012,
                                                            "children": {
                                                                "_process_rank_one_or_two_observation": {
                                                                    "total": 0.12983790000002227,
                                                                    "count": 2908,
                                                                    "is_parallel": true,
                                                                    "self": 0.12983790000002227
                                                                }
                                                            }
                                                        }
                                                    }
                                                }
                                            }
                                        }
                                    }
                                }
                            }
                        },
                        "trainer_advance": {
                            "total": 0.5315906000000297,
                            "count": 1454,
                            "self": 0.031390899999976796,
                            "children": {
                                "process_trajectory": {
                                    "total": 0.5001997000000529,
                                    "count": 1454,
                                    "self": 0.5001997000000529
                                }
                            }
                        }
                    }
                },