{
    "name": "root",
    "gauges": {
        "Agent.Policy.Entropy.mean": {
            "value": 1.1526391506195068,
            "min": 1.1526391506195068,
            "max": 1.1526391506195068,
            "count": 1
        },
        "Agent.Policy.Entropy.sum": {
            "value": 8405.044921875,
            "min": 8405.044921875,
            "max": 8405.044921875,
            "count": 1
        },
        "Agent.Environment.EpisodeLength.mean": {
            "value": 5.373251748251748,
            "min": 5.373251748251748,
            "max": 5.373251748251748,
            "count": 1
        },
        "Agent.Environment.EpisodeLength.sum": {
            "value": 6147.0,
            "min": 6147.0,
            "max": 6147.0,
            "count": 1
        },
        "Agent.Self-play.ELO.mean": {
            "value": 1437.3499818997086,
            "min": 1437.3499818997086,
            "max": 1437.3499818997086,
            "count": 1
        },
        "Agent.Self-play.ELO.sum": {
            "value": 822164.1896466333,
            "min": 822164.1896466333,
            "max": 822164.1896466333,
            "count": 1
        },
        "Agent.Step.mean": {
            "value": 309998.0,
            "min": 309998.0,
            "max": 309998.0,
            "count": 1
        },
        "Agent.Step.sum": {
            "value": 309998.0,
            "min": 309998.0,
            "max": 309998.0,
            "count": 1
        },
        "Agent.Policy.ExtrinsicValueEstimate.mean": {
            "value": 0.3189774453639984,
            "min": 0.3189774453639984,
            "max": 0.3189774453639984,
            "count": 1
        },
        "Agent.Policy.ExtrinsicValueEstimate.sum": {
            "value": 182.13612365722656,
            "min": 182.13612365722656,
            "max": 182.13612365722656,
            "count": 1
        },
        "Agent.Environment.CumulativeReward.mean": {
            "value": -0.3987740820009529,
            "min": -0.3987740820009529,
            "max": -0.3987740820009529,
            "count": 1
        },
        "Agent.Environment.CumulativeReward.sum": {
            "value": -227.7000008225441,
            "min": -227.7000008225441,
            "max": -227.7000008225441,
            "count": 1
        },
        "Agent.Policy.ExtrinsicReward.mean": {
            "value": -0.3987740820009529,
            "min": -0.3987740820009529,
            "max": -0.3987740820009529,
            "count": 1
        },
        "Agent.Policy.ExtrinsicReward.sum": {
            "value": -227.7000008225441,
            "min": -227.7000008225441,
            "max": -227.7000008225441,
            "count": 1
        },
        "Agent.IsTraining.mean": {
            "value": 1.0,
            "min": 1.0,
            "max": 1.0,
            "count": 1
        },
        "Agent.IsTraining.sum": {
            "value": 1.0,
            "min": 1.0,
            "max": 1.0,
            "count": 1
        }
    },
    "metadata": {
        "timer_format_version": "0.1.0",
        "start_time_seconds": "1625961156",
        "python_version": "3.7.10 (default, Feb 26 2021, 13:06:18) [MSC v.1916 64 bit (AMD64)]",
        "command_line_arguments": "D:\\Dev\\anaconda3\\envs\\ml_agents_026\\Scripts\\mlagents-learn ./trainer_config.yaml --run-id tr_20 --resume",
        "mlagents_version": "0.26.0",
        "mlagents_envs_version": "0.26.0",
        "communication_protocol_version": "1.5.0",
        "pytorch_version": "1.7.1+cu110",
        "numpy_version": "1.20.3",
        "end_time_seconds": "1625961655"
    },
    "total": 498.9827796,
    "count": 1,
    "self": 0.006736500000044998,
    "children": {
        "run_training.setup": {
            "total": 0.13738010000000012,
            "count": 1,
            "self": 0.13738010000000012
        },
        "TrainerController.start_learning": {
            "total": 498.838663,
            "count": 1,
            "self": 0.15493040000029623,
            "children": {
                "TrainerController._reset_env": {
                    "total": 14.633115100000003,
                    "count": 2,
                    "self": 14.633115100000003
                },
                "TrainerController.advance": {
                    "total": 483.70979509999967,
                    "count": 7107,
                    "self": 0.15746920000310638,
                    "children": {
                        "env_step": {
                            "total": 481.52284469999796,
                            "count": 7107,
                            "self": 460.81111519999695,
                            "children": {
                                "SubprocessEnvManager._take_step": {
                                    "total": 20.617570099999778,
                                    "count": 7107,
                                    "self": 0.5429441000008026,
                                    "children": {
                                        "TorchPolicy.evaluate": {
                                            "total": 20.074625999998975,
                                            "count": 8465,
                                            "self": 7.937710800002417,
                                            "children": {
                                                "TorchPolicy.sample_actions": {
                                                    "total": 12.136915199996558,
                                                    "count": 8465,
                                                    "self": 12.136915199996558
                                                }
                                            }
                                        }
                                    }
                                },
                                "workers": {
                                    "total": 0.09415940000124934,
                                    "count": 7106,
                                    "self": 0.0,
                                    "children": {
                                        "worker_root": {
                                            "total": 485.0909778000006,
                                            "count": 7106,
                                            "is_parallel": true,
                                            "self": 32.17189249999893,
                                            "children": {
                                                "steps_from_proto": {
                                                    "total": 0.0006038000000003763,
                                                    "count": 2,
                                                    "is_parallel": true,
                                                    "self": 0.00036340000000123496,
                                                    "children": {
                                                        "_process_rank_one_or_two_observation": {
                                                            "total": 0.0002403999999991413,
                                                            "count": 4,
                                                            "is_parallel": true,
                                                            "self": 0.0002403999999991413
                                                        }
                                                    }
                                                },
                                                "UnityEnvironment.step": {
                                                    "total": 452.91848150000163,
                                                    "count": 7106,
                                                    "is_parallel": true,
                                                    "self": 0.8832208000001742,