{
    "name": "root",
    "metadata": {
        "timer_format_version": "0.1.0",
        "start_time_seconds": "1621989512",
        "python_version": "3.7.10 (default, Feb 26 2021, 13:06:18) [MSC v.1916 64 bit (AMD64)]",
        "command_line_arguments": "D:\\Dev\\anaconda3\\envs\\ml_agents_026\\Scripts\\mlagents-learn ./trainer_config.yaml --run-id tr_09",
        "mlagents_version": "0.26.0",
        "mlagents_envs_version": "0.26.0",
        "communication_protocol_version": "1.5.0",
        "pytorch_version": "1.7.1+cu110",
        "numpy_version": "1.20.3",
        "end_time_seconds": "1621989521"
    },
    "total": 8.490225299999999,
    "count": 1,
    "self": 0.007093299999997527,
    "children": {
        "run_training.setup": {
            "total": 0.13701490000000005,
            "count": 1,
            "self": 0.13701490000000005
        },
        "TrainerController.start_learning": {
            "total": 8.3461171,
            "count": 1,
            "self": 0.00018249999999930822,
            "children": {
                "TrainerController._reset_env": {
                    "total": 7.6436137,
                    "count": 1,
                    "self": 7.6436137
                },
                "TrainerController.advance": {
                    "total": 0.6207288000000002,
                    "count": 1,
                    "self": 1.940000000111297e-05,
                    "children": {
                        "env_step": {
                            "total": 0.6207093999999991,
                            "count": 1,
                            "self": 0.11262749999999855,
                            "children": {
                                "SubprocessEnvManager._take_step": {
                                    "total": 0.5080819000000005,
                                    "count": 1,
                                    "self": 6.140000000165458e-05,
                                    "children": {
                                        "TorchPolicy.evaluate": {
                                            "total": 0.5080204999999989,
                                            "count": 1,
                                            "self": 0.0009665999999981523,
                                            "children": {
                                                "TorchPolicy.sample_actions": {
                                                    "total": 0.5070539000000007,
                                                    "count": 1,
                                                    "self": 0.5070539000000007
                                                }
                                            }
                                        }
                                    }
                                }
                            }
                        }
                    }
                },
                "TrainerController._save_models": {
                    "total": 0.08159209999999995,
                    "count": 1,
                    "self": 0.011590500000000503,
                    "children": {
                        "RLTrainer._checkpoint": {
                            "total": 0.07000159999999944,
                            "count": 1,
                            "self": 0.07000159999999944
                        }
                    }
                }
            }
        }
    }
}