{
    "name": "root",
    "gauges": {
        "Agent.Policy.Entropy.mean": {
            "value": 1.8076902627944946,
            "min": 1.8076902627944946,
            "max": 2.196898937225342,
            "count": 37
        },
        "Agent.Policy.Entropy.sum": {
            "value": 36960.03515625,
            "min": 35688.5390625,
            "max": 43941.74609375,
            "count": 37
        },
        "Agent.Environment.EpisodeLength.mean": {
            "value": 17.48643761301989,
            "min": 17.48643761301989,
            "max": 246.8875,
            "count": 37
        },
        "Agent.Environment.EpisodeLength.sum": {
            "value": 19340.0,
            "min": 18581.0,
            "max": 20462.0,
            "count": 37
        },
        "Agent.Self-play.ELO.mean": {
            "value": 1425.3635202820888,
            "min": 1192.0804276789513,
            "max": 1425.3635202820888,
            "count": 37
        },
        "Agent.Self-play.ELO.sum": {
            "value": 788226.026715995,
            "min": 50357.92071217205,
            "max": 788226.026715995,
            "count": 37
        },
        "Agent.Step.mean": {
            "value": 369982.0,
            "min": 9948.0,
            "max": 369982.0,
            "count": 37
        },
        "Agent.Step.sum": {
            "value": 369982.0,
            "min": 9948.0,
            "max": 369982.0,
            "count": 37
        },
        "Agent.Policy.ExtrinsicValueEstimate.mean": {
            "value": 0.08361741900444031,
            "min": -0.2697353959083557,
            "max": 0.14712706208229065,
            "count": 37
        },
        "Agent.Policy.ExtrinsicValueEstimate.sum": {
            "value": 46.24043273925781,
            "min": -27.782747268676758,
            "max": 73.12214660644531,
            "count": 37
        },
        "Agent.Environment.CumulativeReward.mean": {
            "value": -0.04438336546554703,
            "min": -1.2651499792933465,
            "max": 0.3862818785561811,
            "count": 37
        },
        "Agent.Environment.CumulativeReward.sum": {
            "value": -24.54400110244751,
            "min": -85.86600062251091,
            "max": 115.11199980974197,
            "count": 37
        },
        "Agent.Policy.ExtrinsicReward.mean": {
            "value": -0.04438336546554703,
            "min": -1.2651499792933465,
            "max": 0.3862818785561811,
            "count": 37
        },
        "Agent.Policy.ExtrinsicReward.sum": {
            "value": -24.54400110244751,
            "min": -85.86600062251091,
            "max": 115.11199980974197,
            "count": 37
        },
        "Agent.IsTraining.mean": {
            "value": 1.0,
            "min": 1.0,
            "max": 1.0,
            "count": 37
        },
        "Agent.IsTraining.sum": {
            "value": 1.0,
            "min": 1.0,
            "max": 1.0,
            "count": 37
        },
        "Agent.Losses.PolicyLoss.mean": {
            "value": 0.01782504494767636,
            "min": 0.014436978536347548,
            "max": 0.022084763754780093,
            "count": 18
        },
        "Agent.Losses.PolicyLoss.sum": {
            "value": 0.01782504494767636,
            "min": 0.014436978536347548,
            "max": 0.022084763754780093,
            "count": 18
        },
        "Agent.Losses.ValueLoss.mean": {
            "value": 0.3872453898191452,
            "min": 0.04091783414284388,
            "max": 0.3872453898191452,
            "count": 18
        },
        "Agent.Losses.ValueLoss.sum": {
            "value": 0.3872453898191452,
            "min": 0.04091783414284388,
            "max": 0.3872453898191452,
            "count": 18
        },
        "Agent.Policy.LearningRate.mean": {
            "value": 0.00027782328739224,
            "min": 0.00027782328739224,
            "max": 0.00029877042040986,
            "count": 18
        },
        "Agent.Policy.LearningRate.sum": {
            "value": 0.00027782328739224,
            "min": 0.00027782328739224,
            "max": 0.00029877042040986,
            "count": 18
        },
        "Agent.Policy.Epsilon.mean": {
            "value": 0.19260775999999993,
            "min": 0.19260775999999993,
            "max": 0.19959014,
            "count": 18
        },
        "Agent.Policy.Epsilon.sum": {
            "value": 0.19260775999999993,
            "min": 0.19260775999999993,
            "max": 0.19959014,
            "count": 18
        },
        "Agent.Policy.Beta.mean": {
            "value": 0.004631127224,
            "min": 0.004631127224,
            "max": 0.004979547986000001,
            "count": 18
        },
        "Agent.Policy.Beta.sum": {
            "value": 0.004631127224,
            "min": 0.004631127224,
            "max": 0.004979547986000001,
            "count": 18
        }
    },
    "metadata": {
        "timer_format_version": "0.1.0",
        "start_time_seconds": "1625775959",
        "python_version": "3.7.10 (default, Feb 26 2021, 13:06:18) [MSC v.1916 64 bit (AMD64)]",
        "command_line_arguments": "D:\\Dev\\anaconda3\\envs\\ml_agents_026\\Scripts\\mlagents-learn ./trainer_config.yaml --run-id tr_24",
        "mlagents_version": "0.26.0",
        "mlagents_envs_version": "0.26.0",
        "communication_protocol_version": "1.5.0",
        "pytorch_version": "1.7.1+cu110",
        "numpy_version": "1.20.3",
        "end_time_seconds": "1625781022"
    },
    "total": 5062.5571313,
    "count": 1,
    "self": 0.016422400000010384,
    "children": {
        "run_training.setup": {
            "total": 0.1375795999999998,
            "count": 1,
            "self": 0.1375795999999998
        },
        "TrainerController.start_learning": {
            "total": 5062.4031293,
            "count": 1,
            "self": 7.704662400113193,
            "children": {
                "TrainerController._reset_env": {
                    "total": 27.076371900000744,
                    "count": 8,
                    "self": 27.076371900000744
                },
                "TrainerController.advance": {
                    "total": 5027.185007199885,
                    "count": 392502,
                    "self": 7.703695999795855,
                    "children": {
                        "env_step": {
                            "total": 4907.354506399965,
                            "count": 392502,
                            "self": 3477.8513757999744,
                            "children": {
                                "SubprocessEnvManager._take_step": {
                                    "total": 1424.7623969000208,
                                    "count": 392502,
                                    "self": 35.135585999948944,
                                    "children": {
                                        "TorchPolicy.evaluate": {
                                            "total": 1389.6268109000719,
                                            "count": 742199,
                                            "self": 536.2071816999762,
                                            "children": {
                                                "TorchPolicy.sample_actions": {
                                                    "total": 853.4196292000956,
                                                    "count": 742199,
                                                    "self": 853.4196292000956
                                                }
                                            }
                                        }
                                    }
                                },
                                "workers": {
                                    "total": 4.740733699970352,
                                    "count": 392501,
                                    "self": 0.0,