{
    "name": "root",
    "metadata": {
        "timer_format_version": "0.1.0",
        "start_time_seconds": "1622110808",
        "python_version": "3.7.10 (default, Feb 26 2021, 13:06:18) [MSC v.1916 64 bit (AMD64)]",
        "command_line_arguments": "D:\\Dev\\anaconda3\\envs\\ml_agents_026\\Scripts\\mlagents-learn ./trainer_config.yaml --run-id tr_02 --resume",
        "mlagents_version": "0.26.0",
        "mlagents_envs_version": "0.26.0",
        "communication_protocol_version": "1.5.0",
        "pytorch_version": "1.7.1+cu110",
        "numpy_version": "1.20.3",
        "end_time_seconds": "1622110906"
    },
    "total": 97.9617139,
    "count": 1,
    "self": 0.005442700000003242,
    "children": {
        "run_training.setup": {
            "total": 0.13261699999999998,
            "count": 1,
            "self": 0.13261699999999998
        },
        "TrainerController.start_learning": {
            "total": 97.82365420000001,
            "count": 1,
            "self": 0.057310800000237805,
            "children": {
                "TrainerController._reset_env": {
                    "total": 5.0030505000000005,
                    "count": 1,
                    "self": 5.0030505000000005
                },
                "TrainerController.advance": {
                    "total": 92.67220529999977,
                    "count": 3141,
                    "self": 0.05852740000003109,
                    "children": {
                        "env_step": {
                            "total": 92.28109229999988,
                            "count": 3141,
                            "self": 85.08998979999973,
                            "children": {
                                "SubprocessEnvManager._take_step": {
                                    "total": 7.155289400000187,
                                    "count": 3141,
                                    "self": 0.14137500000019454,
                                    "children": {
                                        "TorchPolicy.evaluate": {
                                            "total": 7.013914399999993,
                                            "count": 3141,
                                            "self": 2.7753999999999515,
                                            "children": {
                                                "TorchPolicy.sample_actions": {
                                                    "total": 4.238514400000041,
                                                    "count": 3141,
                                                    "self": 4.238514400000041
                                                }
                                            }
                                        }
                                    }
                                },
                                "workers": {
                                    "total": 0.03581309999997284,
                                    "count": 3140,
                                    "self": 0.0,
                                    "children": {
                                        "worker_root": {
                                            "total": 94.21390769999996,
                                            "count": 3140,
                                            "is_parallel": true,
                                            "self": 11.662948299999883,
                                            "children": {
                                                "steps_from_proto": {
                                                    "total": 0.0004431000000000296,
                                                    "count": 1,
                                                    "is_parallel": true,
                                                    "self": 0.00026890000000001635,
                                                    "children": {
                                                        "_process_rank_one_or_two_observation": {
                                                            "total": 0.00017420000000001323,
                                                            "count": 4,
                                                            "is_parallel": true,
                                                            "self": 0.00017420000000001323
                                                        }
                                                    }
                                                },
                                                "UnityEnvironment.step": {
                                                    "total": 82.55051630000008,
                                                    "count": 3140,
                                                    "is_parallel": true,
                                                    "self": 0.2720088000003642,
                                                    "children": {
                                                        "UnityEnvironment._generate_step_input": {
                                                            "total": 0.18146399999999208,
                                                            "count": 3140,
                                                            "is_parallel": true,
                                                            "self": 0.18146399999999208
                                                        },
                                                        "communicator.exchange": {
                                                            "total": 81.04641449999983,
                                                            "count": 3140,
                                                            "is_parallel": true,
                                                            "self": 81.04641449999983
                                                        },
                                                        "steps_from_proto": {
                                                            "total": 1.0506289999999066,
                                                            "count": 3140,
                                                            "is_parallel": true,
                                                            "self": 0.5962199999997155,
                                                            "children": {
                                                                "_process_rank_one_or_two_observation": {
                                                                    "total": 0.454409000000191,
                                                                    "count": 12560,
                                                                    "is_parallel": true,
                                                                    "self": 0.454409000000191
                                                                }
                                                            }
                                                        }
                                                    }
                                                }
                                            }
                                        }
                                    }
                                }
                            }
                        },
                        "trainer_advance": {
                            "total": 0.3325855999998666,
                            "count": 3140,
                            "self": 0.14650109999970518,
                            "children": {
                                "process_trajectory": {
                                    "total": 0.1860845000001614,
                                    "count": 3140,
                                    "self": 0.1860845000001614
                                }
                            }
                        }
                    }
                },