{
    "name": "root",
    "metadata": {
        "timer_format_version": "0.1.0",
        "start_time_seconds": "1625669485",
        "python_version": "3.7.10 (default, Feb 26 2021, 13:06:18) [MSC v.1916 64 bit (AMD64)]",
        "command_line_arguments": "D:\\Dev\\anaconda3\\envs\\ml_agents_026\\Scripts\\mlagents-learn ./trainer_config.yaml --run-id tr_11",
        "mlagents_version": "0.26.0",
        "mlagents_envs_version": "0.26.0",
        "communication_protocol_version": "1.5.0",
        "pytorch_version": "1.7.1+cu110",
        "numpy_version": "1.20.3",
        "end_time_seconds": "1625669503"
    },
    "total": 17.105417300000003,
    "count": 1,
    "self": 0.0051903000000024235,
    "children": {
        "run_training.setup": {
            "total": 0.13691969999999998,
            "count": 1,
            "self": 0.13691969999999998
        },
        "TrainerController.start_learning": {
            "total": 16.9633073,
            "count": 1,
            "self": 0.0006430000000037239,
            "children": {
                "TrainerController._reset_env": {
                    "total": 8.5537499,
                    "count": 1,
                    "self": 8.5537499
                },
                "TrainerController.advance": {
                    "total": 8.201753599999996,
                    "count": 10,
                    "self": 0.00017899999999571037,
                    "children": {
                        "env_step": {
                            "total": 8.198962600000002,
                            "count": 10,
                            "self": 7.681493900000003,
                            "children": {
                                "SubprocessEnvManager._take_step": {
                                    "total": 0.517371899999997,
                                    "count": 10,
                                    "self": 0.0007005999999964985,
                                    "children": {
                                        "TorchPolicy.evaluate": {
                                            "total": 0.5166713000000005,
                                            "count": 16,
                                            "self": 0.010136199999998041,
                                            "children": {
                                                "TorchPolicy.sample_actions": {
                                                    "total": 0.5065351000000025,
                                                    "count": 16,
                                                    "self": 0.5065351000000025
                                                }
                                            }
                                        }
                                    }
                                },
                                "workers": {
                                    "total": 9.680000000145128e-05,
                                    "count": 9,
                                    "self": 0.0,
                                    "children": {
                                        "worker_root": {
                                            "total": 5.349095199999996,
                                            "count": 9,
                                            "is_parallel": true,
                                            "self": 2.0075349999999945,
                                            "children": {
                                                "steps_from_proto": {
                                                    "total": 0.0003212000000001325,
                                                    "count": 1,
                                                    "is_parallel": true,
                                                    "self": 0.00019239999999953739,
                                                    "children": {
                                                        "_process_rank_one_or_two_observation": {
                                                            "total": 0.0001288000000005951,
                                                            "count": 2,
                                                            "is_parallel": true,
                                                            "self": 0.0001288000000005951
                                                        }
                                                    }
                                                },
                                                "UnityEnvironment.step": {
                                                    "total": 3.3412390000000016,
                                                    "count": 9,
                                                    "is_parallel": true,
                                                    "self": 0.0011024999999964535,
                                                    "children": {
                                                        "UnityEnvironment._generate_step_input": {
                                                            "total": 0.0006788000000010896,
                                                            "count": 9,
                                                            "is_parallel": true,
                                                            "self": 0.0006788000000010896
                                                        },
                                                        "communicator.exchange": {
                                                            "total": 3.3353889,
                                                            "count": 9,
                                                            "is_parallel": true,
                                                            "self": 3.3353889
                                                        },
                                                        "steps_from_proto": {
                                                            "total": 0.004068800000004202,
                                                            "count": 18,
                                                            "is_parallel": true,
                                                            "self": 0.002895999999996235,
                                                            "children": {
                                                                "_process_rank_one_or_two_observation": {
                                                                    "total": 0.0011728000000079675,
                                                                    "count": 36,
                                                                    "is_parallel": true,
                                                                    "self": 0.0011728000000079675
                                                                }
                                                            }
                                                        }
                                                    }
                                                }
                                            }
                                        }
                                    }
                                }
                            }
                        },
                        "trainer_advance": {
                            "total": 0.0026119999999991705,
                            "count": 9,
                            "self": 0.0003938999999970605,
                            "children": {
                                "process_trajectory": {
                                    "total": 0.00221810000000211,
                                    "count": 9,
                                    "self": 0.00221810000000211
                                }
                            }
                        }
                    }
                },