{
    "name": "root",
    "metadata": {
        "timer_format_version": "0.1.0",
        "start_time_seconds": "1621989618",
        "python_version": "3.7.10 (default, Feb 26 2021, 13:06:18) [MSC v.1916 64 bit (AMD64)]",
        "command_line_arguments": "D:\\Dev\\anaconda3\\envs\\ml_agents_026\\Scripts\\mlagents-learn ./trainer_config.yaml --run-id tr_11",
        "mlagents_version": "0.26.0",
        "mlagents_envs_version": "0.26.0",
        "communication_protocol_version": "1.5.0",
        "pytorch_version": "1.7.1+cu110",
        "numpy_version": "1.20.3",
        "end_time_seconds": "1621989627"
    },
    "total": 9.181263900000001,
    "count": 1,
    "self": 0.006463200000000668,
    "children": {
        "run_training.setup": {
            "total": 0.14263099999999995,
            "count": 1,
            "self": 0.14263099999999995
        },
        "TrainerController.start_learning": {
            "total": 9.0321697,
            "count": 1,
            "self": 0.00015239999999927534,
            "children": {
                "TrainerController._reset_env": {
                    "total": 8.2734944,
                    "count": 1,
                    "self": 8.2734944
                },
                "TrainerController.advance": {
                    "total": 0.6769905999999999,
                    "count": 1,
                    "self": 1.4000000000180535e-05,
                    "children": {
                        "env_step": {
                            "total": 0.6769765999999997,
                            "count": 1,
                            "self": 0.10397719999999921,
                            "children": {
                                "SubprocessEnvManager._take_step": {
                                    "total": 0.5729994000000005,
                                    "count": 1,
                                    "self": 5.560000000137677e-05,
                                    "children": {
                                        "TorchPolicy.evaluate": {
                                            "total": 0.5729437999999991,
                                            "count": 1,
                                            "self": 0.0009216999999992481,
                                            "children": {
                                                "TorchPolicy.sample_actions": {
                                                    "total": 0.5720220999999999,
                                                    "count": 1,
                                                    "self": 0.5720220999999999
                                                }
                                            }
                                        }
                                    }
                                }
                            }
                        }
                    }
                },
                "TrainerController._save_models": {
                    "total": 0.081532300000001,
                    "count": 1,
                    "self": 0.007243900000000636,
                    "children": {
                        "RLTrainer._checkpoint": {
                            "total": 0.07428840000000037,
                            "count": 1,
                            "self": 0.07428840000000037
                        }
                    }
                }
            }
        }
    }
}