{
    "name": "root",
    "metadata": {
        "timer_format_version": "0.1.0",
        "start_time_seconds": "1621989896",
        "python_version": "3.7.10 (default, Feb 26 2021, 13:06:18) [MSC v.1916 64 bit (AMD64)]",
        "command_line_arguments": "D:\\Dev\\anaconda3\\envs\\ml_agents_026\\Scripts\\mlagents-learn ./trainer_config.yaml --run-id tr_12",
        "mlagents_version": "0.26.0",
        "mlagents_envs_version": "0.26.0",
        "communication_protocol_version": "1.5.0",
        "pytorch_version": "1.7.1+cu110",
        "numpy_version": "1.20.3",
        "end_time_seconds": "1621989903"
    },
    "total": 6.817917200000001,
    "count": 1,
    "self": 0.008604200000001505,
    "children": {
        "run_training.setup": {
            "total": 0.1359064000000001,
            "count": 1,
            "self": 0.1359064000000001
        },
        "TrainerController.start_learning": {
            "total": 6.6734066,
            "count": 1,
            "self": 0.00017879999999870222,
            "children": {
                "TrainerController._reset_env": {
                    "total": 5.9819833,
                    "count": 1,
                    "self": 5.9819833
                },
                "TrainerController.advance": {
                    "total": 0.6134380000000004,
                    "count": 1,
                    "self": 1.5000000000320313e-05,
                    "children": {
                        "env_step": {
                            "total": 0.613423,
                            "count": 1,
                            "self": 0.11270049999999987,
                            "children": {
                                "SubprocessEnvManager._take_step": {
                                    "total": 0.5007225000000002,
                                    "count": 1,
                                    "self": 6.799999999973494e-05,
                                    "children": {
                                        "TorchPolicy.evaluate": {
                                            "total": 0.5006545000000004,
                                            "count": 1,
                                            "self": 0.0009648000000010981,
                                            "children": {
                                                "TorchPolicy.sample_actions": {
                                                    "total": 0.49968969999999935,
                                                    "count": 1,
                                                    "self": 0.49968969999999935
                                                }
                                            }
                                        }
                                    }
                                }
                            }
                        }
                    }
                },
                "TrainerController._save_models": {
                    "total": 0.07780650000000122,
                    "count": 1,
                    "self": 0.013291400000000841,
                    "children": {
                        "RLTrainer._checkpoint": {
                            "total": 0.06451510000000038,
                            "count": 1,
                            "self": 0.06451510000000038
                        }
                    }
                }
            }
        }
    }
}