{
    "name": "root",
    "metadata": {
        "timer_format_version": "0.1.0",
        "start_time_seconds": "1621989023",
        "python_version": "3.7.10 (default, Feb 26 2021, 13:06:18) [MSC v.1916 64 bit (AMD64)]",
        "command_line_arguments": "D:\\Dev\\anaconda3\\envs\\ml_agents_026\\Scripts\\mlagents-learn ./trainer_config.yaml --run-id tr_05",
        "mlagents_version": "0.26.0",
        "mlagents_envs_version": "0.26.0",
        "communication_protocol_version": "1.5.0",
        "pytorch_version": "1.7.1+cu110",
        "numpy_version": "1.20.3",
        "end_time_seconds": "1621989031"
    },
    "total": 7.8352634,
    "count": 1,
    "self": 0.007481699999998703,
    "children": {
        "run_training.setup": {
            "total": 0.139073,
            "count": 1,
            "self": 0.139073
        },
        "TrainerController.start_learning": {
            "total": 7.688708700000001,
            "count": 1,
            "self": 0.00015340000000119147,
            "children": {
                "TrainerController._reset_env": {
                    "total": 6.991784099999999,
                    "count": 1,
                    "self": 6.991784099999999
                },
                "TrainerController.advance": {
                    "total": 0.6113680000000006,
                    "count": 1,
                    "self": 1.5800000001675585e-05,
                    "children": {
                        "env_step": {
                            "total": 0.6113521999999989,
                            "count": 1,
                            "self": 0.11113129999999849,
                            "children": {
                                "SubprocessEnvManager._take_step": {
                                    "total": 0.5002209000000004,
                                    "count": 1,
                                    "self": 7.970000000057098e-05,
                                    "children": {
                                        "TorchPolicy.evaluate": {
                                            "total": 0.5001411999999998,
                                            "count": 1,
                                            "self": 0.0009753999999997376,
                                            "children": {
                                                "TorchPolicy.sample_actions": {
                                                    "total": 0.4991658000000001,
                                                    "count": 1,
                                                    "self": 0.4991658000000001
                                                }
                                            }
                                        }
                                    }
                                }
                            }
                        }
                    }
                },
                "TrainerController._save_models": {
                    "total": 0.08540320000000001,
                    "count": 1,
                    "self": 0.010490200000001337,
                    "children": {
                        "RLTrainer._checkpoint": {
                            "total": 0.07491299999999868,
                            "count": 1,
                            "self": 0.07491299999999868
                        }
                    }
                }
            }
        }
    }
}